{
  "uuid": "0da837a2-11d0-3d45-b756-4619f244c4a2",
  "starterPrompted": true,
  "starterLocked": false,
  "starterSelected": true,
  "starterUUID": "279b2f69-c8d1-43e3-9b46-60230eb4da89",
  "keyItems": [],
  "battleTheme": "cobblemon:battle.pvp.default",
  "extraData": {},
  "advancementData": {
    "totalCaptureCount": 0,
    "totalEggsHatched": 0,
    "totalEvolvedCount": 0,
    "totalBattleVictoryCount": 1,
    "totalPvPBattleVictoryCount": 0,
    "totalPvWBattleVictoryCount": 1,
    "totalPvNBattleVictoryCount": 0,
    "totalShinyCaptureCount": 0,
    "totalTradedCount": 0,
    "totalTypeCaptureCounts": {},
    "totalDefeatedCounts": {
      "cobblemon:taillow": 1
    },
    "aspectsCollected": {}
  }
}