{"stats":{"minecraft:mined":{"minecraft:white_bed":5,"minecraft:cherry_log":158,"minecraft:cherry_sapling":3,"minecraft:obsidian":6,"minecraft:acacia_log":2,"minecraft:grass_block":690,"minecraft:smooth_stone":2,"minecraft:iron_ore":6,"minecraft:bookshelf":10,"minecraft:water_cauldron":1,"minecraft:flowering_azalea_leaves":1,"minecraft:dirt_path":4,"minecraft:iron_bars":5,"minecraft:stripped_oak_log":10,"minecraft:azalea_leaves":6,"minecraft:stone":125,"minecraft:white_wool":1,"minecraft:smithing_table":1,"minecraft:oak_slab":12,"minecraft:oak_fence":4,"minecraft:crafting_table":7,"minecraft:cornflower":1,"minecraft:torch":2,"minecraft:chest":1,"minecraft:dead_bush":1,"minecraft:lectern":1,"minecraft:tall_grass":5,"minecraft:grindstone":2,"minecraft:sugar_cane":6,"minecraft:oak_planks":3,"minecraft:wall_torch":3,"minecraft:cauldron":1,"minecraft:pink_petals":72,"minecraft:trapped_chest":1,"minecraft:birch_log":132,"minecraft:white_carpet":3,"minecraft:tnt":2,"minecraft:grass":66,"minecraft:oak_log":61,"minecraft:coal_ore":28,"minecraft:sand":1,"minecraft:dirt":292,"minecraft:stone_bricks":3},"minecraft:dropped":{"minecraft:enchanted_book":2,"minecraft:oak_slab":7,"minecraft:wheat_seeds":17,"minecraft:golden_pickaxe":1,"minecraft:crafting_table":1,"minecraft:leather":9,"minecraft:apple":1,"minecraft:item_frame":3,"minecraft:stick":8,"minecraft:dirt":818,"minecraft:cornflower":2,"minecraft:wooden_axe":2,"minecraft:fire_charge":2,"minecraft:oak_stairs":1,"minecraft:bone_meal":1,"minecraft:flowering_azalea":1,"minecraft:iron_pickaxe":1,"minecraft:stripped_oak_wood":9,"minecraft:smooth_sandstone":27,"minecraft:pink_petals":425,"minecraft:trapped_chest":1,"minecraft:white_wool":15,"minecraft:acacia_planks":95,"minecraft:chiseled_sandstone":3,"minecraft:dandelion":1,"minecraft:stone_axe":1,"minecraft:sugar_cane":16,"minecraft:birch_sapling":20,"minecraft:cherry_sapling":48,"minecraft:oak_planks":10,"minecraft:stripped_oak_log":3,"minecraft:sandstone_wall":18,"minecraft:spruce_trapdoor":1,"minecraft:azalea":1,"minecraft:oak_boat":1,"apotheosis:gem":1,"minecraft:oak_sapling":10,"minecraft:acacia_sapling":2,"minecraft:wooden_pickaxe":1,"minecraft:stone_pickaxe":2,"minecraft:black_wool":1},"minecraft:used":{"minecraft:oak_fence":4,"minecraft:cherry_sapling":39,"minecraft:iron_bars":3,"minecraft:iron_shovel":774,"minecraft:oak_sign":1,"minecraft:chest":2,"minecraft:torch":8,"minecraft:dirt":157,"minecraft:mutton":14,"minecraft:white_carpet":4,"minecraft:golden_shovel":160,"minecraft:lava_bucket":7,"minecraft:lantern":4,"minecraft:iron_axe":251,"minecraft:stone_bricks":3,"minecraft:golden_carrot":11,"minecraft:beef":9,"minecraft:furnace":1,"minecraft:egg":1,"minecraft:cherry_log":73,"minecraft:golden_axe":24,"minecraft:water_bucket":2,"minecraft:stone_pickaxe":16,"minecraft:oak_planks":2,"minecraft:wooden_pickaxe":14,"minecraft:cherry_planks":238,"minecraft:cauldron":2,"minecraft:stonecutter":1,"minecraft:salmon":6,"minecraft:oak_slab":73,"minecraft:crafting_table":9,"minecraft:white_bed":5,"minecraft:oak_log":20,"minecraft:diamond_pickaxe":156,"minecraft:apple":5,"minecraft:bread":8,"minecraft:lectern":1,"minecraft:stone_axe":271,"minecraft:pink_petals":122,"minecraft:cobblestone":6,"minecraft:porkchop":3,"minecraft:grindstone":2,"minecraft:bucket":10,"minecraft:stripped_oak_log":7,"minecraft:splash_potion":1,"minecraft:smooth_stone":23},"minecraft:broken":{"minecraft:iron_shovel":3,"minecraft:golden_shovel":5,"minecraft:golden_axe":1,"minecraft:iron_axe":1,"minecraft:stone_axe":1},"minecraft:killed":{"minecraft:pig":2,"minecraft:salmon":6,"minecraft:sheep":9,"minecraft:zombie":1,"minecraft:cow":5},"minecraft:custom":{"minecraft:mob_kills":23,"minecraft:interact_with_crafting_table":41,"minecraft:damage_dealt_resisted":0,"minecraft:leave_game":2,"minecraft:time_since_death":9794,"minecraft:climb_one_cm":4328,"minecraft:sprint_one_cm":533920,"minecraft:walk_one_cm":399940,"minecraft:drop":97,"minecraft:talked_to_villager":6,"minecraft:play_time":148771,"minecraft:sneak_time":4538,"minecraft:deaths":4,"minecraft:walk_under_water_one_cm":15034,"minecraft:jump":3512,"minecraft:interact_with_brewingstand":1,"minecraft:walk_on_water_one_cm":9157,"minecraft:total_world_time":148771,"minecraft:interact_with_furnace":30,"minecraft:interact_with_stonecutter":1,"minecraft:interact_with_grindstone":3,"minecraft:sleep_in_bed":5,"minecraft:time_since_rest":9831,"minecraft:damage_taken":1993,"minecraft:trigger_trapped_chest":2,"minecraft:damage_dealt":2251,"minecraft:swim_one_cm":73495,"minecraft:fly_one_cm":825547,"minecraft:open_chest":34,"minecraft:crouch_one_cm":10798,"minecraft:fall_one_cm":108325},"minecraft:crafted":{"minecraft:cherry_planks":272,"minecraft:smooth_stone":21,"minecraft:oak_planks":96,"minecraft:oak_sign":3,"minecraft:iron_nugget":36,"minecraft:furnace":1,"minecraft:stone":64,"minecraft:lantern":4,"minecraft:iron_axe":1,"minecraft:stone_pickaxe":1,"minecraft:chest":1,"minecraft:oak_fence":6,"minecraft:golden_axe":1,"minecraft:oak_slab":96,"minecraft:crafting_table":3,"minecraft:wooden_pickaxe":1,"minecraft:golden_shovel":5,"minecraft:stone_axe":2,"minecraft:air":0,"minecraft:oak_boat":1,"minecraft:diamond_pickaxe":1,"minecraft:stick":28,"minecraft:iron_ingot":4,"minecraft:iron_pickaxe":1,"minecraft:iron_shovel":3,"minecraft:gold_ingot":9,"minecraft:stonecutter":1,"minecraft:white_bed":1,"minecraft:acacia_planks":8,"minecraft:torch":8},"minecraft:picked_up":{"minecraft:wooden_axe":2,"minecraft:crafting_table":9,"minecraft:golden_pickaxe":1,"minecraft:smithing_table":1,"minecraft:oak_stairs":1,"minecraft:enchanted_book":3,"minecraft:cornflower":2,"minecraft:iron_axe":1,"minecraft:iron_leggings":1,"minecraft:item_frame":3,"minecraft:white_carpet":4,"minecraft:smooth_stone":2,"minecraft:bucket":1,"minecraft:beef":10,"minecraft:azalea":1,"minecraft:iron_pickaxe":1,"minecraft:lectern":1,"minecraft:sugar_cane":32,"minecraft:chest":2,"minecraft:birch_sapling":20,"minecraft:iron_boots":1,"minecraft:spruce_trapdoor":1,"minecraft:furnace":1,"minecraft:egg":1,"minecraft:stick":136,"minecraft:raw_iron":6,"apotheosis:gem":8,"minecraft:oak_fence":4,"minecraft:torch":9,"minecraft:acacia_log":2,"minecraft:fire_charge":2,"minecraft:sandstone_wall":18,"minecraft:porkchop":3,"minecraft:cherry_log":164,"minecraft:cauldron":2,"minecraft:tnt":2,"minecraft:arrow":3,"minecraft:gold_ingot":16,"minecraft:obsidian":6,"minecraft:mutton":14,"minecraft:iron_bars":5,"minecraft:white_wool":18,"minecraft:cobblestone":134,"minecraft:birch_log":129,"minecraft:stripped_oak_log":13,"minecraft:pink_petals":582,"minecraft:golden_carrot":11,"minecraft:salmon":6,"minecraft:leather":12,"minecraft:golden_leggings":1,"minecraft:oak_log":50,"minecraft:golden_boots":1,"minecraft:dirt":981,"minecraft:smooth_sandstone":27,"minecraft:acacia_planks":90,"minecraft:apple":2,"minecraft:stone_bricks":3,"minecraft:wheat_seeds":18,"minecraft:raw_gold":9,"minecraft:iron_ingot":13,"minecraft:grindstone":2,"minecraft:stone_pickaxe":2,"minecraft:stripped_oak_wood":9,"minecraft:acacia_sapling":2,"minecraft:flowering_azalea":1,"minecraft:oak_planks":57,"minecraft:book":45,"minecraft:oak_slab":19,"minecraft:dandelion":1,"minecraft:white_bed":5,"minecraft:chiseled_sandstone":3,"minecraft:trapped_chest":1,"minecraft:diamond":3,"minecraft:stone_axe":2,"minecraft:iron_helmet":1,"minecraft:bone_meal":1,"minecraft:cherry_sapling":135,"minecraft:oak_sapling":10,"minecraft:black_wool":1,"minecraft:coal":30,"minecraft:diamond_pickaxe":1},"minecraft:killed_by":{"minecraft:player":1,"minecraft:iron_golem":1}},"DataVersion":3465}