{"stats":{"minecraft:custom":{"minecraft:mob_kills":31,"minecraft:interact_with_crafting_table":57,"minecraft:damage_dealt_resisted":0,"minecraft:leave_game":3,"minecraft:time_since_death":10710,"minecraft:climb_one_cm":6384,"minecraft:sprint_one_cm":663326,"minecraft:walk_one_cm":584509,"minecraft:drop":104,"minecraft:talked_to_villager":7,"minecraft:play_time":185244,"minecraft:sneak_time":4888,"minecraft:deaths":5,"minecraft:walk_under_water_one_cm":15550,"minecraft:jump":4125,"minecraft:interact_with_brewingstand":2,"minecraft:walk_on_water_one_cm":10119,"minecraft:total_world_time":185244,"minecraft:interact_with_furnace":34,"minecraft:interact_with_stonecutter":2,"minecraft:interact_with_grindstone":4,"minecraft:sleep_in_bed":8,"minecraft:time_since_rest":9145,"minecraft:damage_taken":2528,"minecraft:trigger_trapped_chest":3,"minecraft:damage_dealt":3511,"minecraft:swim_one_cm":75039,"minecraft:fly_one_cm":950313,"minecraft:open_chest":42,"minecraft:crouch_one_cm":11756,"minecraft:fall_one_cm":131322},"minecraft:mined":{"minecraft:white_bed":5,"minecraft:cherry_log":322,"minecraft:stripped_cherry_log":3,"minecraft:cherry_sapling":6,"minecraft:obsidian":6,"minecraft:acacia_log":2,"minecraft:grass_block":690,"minecraft:smooth_stone":2,"minecraft:iron_ore":6,"minecraft:bookshelf":11,"minecraft:flowering_azalea_leaves":1,"minecraft:water_cauldron":1,"minecraft:dirt_path":4,"minecraft:iron_bars":5,"minecraft:stripped_oak_log":10,"minecraft:azalea_leaves":6,"minecraft:stone":125,"minecraft:white_wool":1,"minecraft:smithing_table":1,"minecraft:oak_slab":12,"minecraft:oak_fence":4,"minecraft:crafting_table":7,"minecraft:cornflower":1,"minecraft:torch":2,"minecraft:chest":1,"minecraft:dead_bush":1,"minecraft:lectern":1,"minecraft:cobblestone":4,"minecraft:tall_grass":5,"minecraft:grindstone":2,"minecraft:sugar_cane":6,"minecraft:oak_planks":3,"minecraft:wall_torch":3,"minecraft:cherry_slab":6,"minecraft:cauldron":1,"minecraft:pink_petals":73,"minecraft:birch_planks":32,"minecraft:trapped_chest":1,"minecraft:birch_log":132,"minecraft:white_carpet":4,"minecraft:tnt":4,"minecraft:grass":69,"minecraft:oak_log":61,"minecraft:coal_ore":28,"minecraft:sand":1,"minecraft:dirt":292,"minecraft:stone_bricks":3},"minecraft:picked_up":{"minecraft:wooden_axe":2,"minecraft:crafting_table":9,"minecraft:golden_pickaxe":1,"minecraft:smithing_table":1,"minecraft:oak_stairs":1,"minecraft:stripped_cherry_log":5,"minecraft:enchanted_book":3,"minecraft:cornflower":2,"minecraft:string":1,"minecraft:iron_axe":1,"minecraft:iron_leggings":2,"minecraft:item_frame":3,"minecraft:white_carpet":5,"minecraft:smooth_stone":2,"minecraft:bucket":1,"minecraft:beef":15,"minecraft:azalea":1,"minecraft:iron_pickaxe":2,"minecraft:lectern":1,"minecraft:sugar_cane":32,"minecraft:chest":2,"minecraft:birch_sapling":20,"minecraft:furnace":1,"minecraft:spruce_trapdoor":1,"minecraft:iron_boots":2,"minecraft:egg":1,"minecraft:stick":244,"minecraft:raw_iron":6,"apotheosis:gem":13,"minecraft:oak_fence":4,"minecraft:torch":9,"minecraft:acacia_log":2,"minecraft:fire_charge":2,"minecraft:sandstone_wall":18,"minecraft:porkchop":3,"minecraft:cherry_log":340,"minecraft:cauldron":2,"minecraft:tnt":4,"minecraft:rotten_flesh":3,"minecraft:arrow":3,"minecraft:gold_ingot":32,"minecraft:obsidian":6,"minecraft:mutton":14,"minecraft:iron_bars":5,"minecraft:white_wool":18,"minecraft:cobblestone":167,"minecraft:stripped_oak_log":13,"minecraft:birch_log":129,"minecraft:pink_petals":583,"minecraft:cherry_planks":5,"minecraft:golden_carrot":11,"minecraft:salmon":6,"minecraft:leather":18,"minecraft:golden_leggings":1,"minecraft:birch_planks":31,"minecraft:oak_log":50,"minecraft:golden_boots":1,"minecraft:gunpowder":6,"minecraft:dirt":981,"minecraft:smooth_sandstone":27,"minecraft:acacia_planks":90,"minecraft:apple":2,"minecraft:stone_bricks":3,"minecraft:wheat_seeds":18,"minecraft:raw_gold":9,"minecraft:iron_ingot":13,"minecraft:grindstone":2,"minecraft:stone_pickaxe":2,"minecraft:stripped_oak_wood":9,"minecraft:acacia_sapling":2,"minecraft:oak_planks":57,"minecraft:flowering_azalea":1,"minecraft:book":50,"minecraft:oak_slab":19,"minecraft:dandelion":1,"minecraft:white_bed":5,"minecraft:chiseled_sandstone":3,"minecraft:trapped_chest":1,"minecraft:diamond":3,"minecraft:stone_axe":3,"minecraft:iron_helmet":2,"minecraft:bone_meal":1,"minecraft:cherry_sapling":242,"minecraft:cherry_slab":29,"minecraft:oak_sapling":10,"minecraft:black_wool":1,"minecraft:coal":30,"minecraft:diamond_pickaxe":2},"minecraft:crafted":{"minecraft:cherry_planks":372,"minecraft:smooth_stone":48,"minecraft:oak_planks":96,"minecraft:oak_sign":3,"minecraft:iron_nugget":36,"minecraft:cherry_slab":228,"minecraft:furnace":1,"minecraft:stone":64,"minecraft:lantern":4,"minecraft:iron_axe":1,"minecraft:stone_pickaxe":1,"minecraft:chest":1,"minecraft:cherry_fence":3,"minecraft:oak_fence":6,"minecraft:golden_axe":1,"minecraft:oak_slab":96,"minecraft:diamond_axe":1,"minecraft:crafting_table":4,"minecraft:wooden_pickaxe":1,"minecraft:golden_shovel":5,"minecraft:birch_planks":256,"minecraft:stone_axe":4,"minecraft:bread":1,"minecraft:air":0,"minecraft:oak_boat":1,"minecraft:diamond_pickaxe":1,"minecraft:stick":28,"minecraft:iron_ingot":4,"minecraft:iron_pickaxe":1,"minecraft:iron_shovel":3,"minecraft:gold_ingot":9,"minecraft:stonecutter":1,"minecraft:white_bed":1,"minecraft:acacia_planks":8,"minecraft:torch":8},"minecraft:killed_by":{"minecraft:player":1,"minecraft:iron_golem":1},"minecraft:used":{"minecraft:oak_fence":4,"minecraft:cherry_sapling":52,"minecraft:iron_bars":3,"minecraft:iron_shovel":774,"minecraft:oak_sign":1,"minecraft:chest":2,"minecraft:rotten_flesh":3,"minecraft:torch":8,"minecraft:dirt":157,"minecraft:mutton":14,"minecraft:white_carpet":5,"minecraft:golden_shovel":160,"minecraft:lava_bucket":7,"minecraft:lantern":4,"minecraft:iron_axe":251,"minecraft:cherry_slab":221,"minecraft:stone_bricks":3,"minecraft:golden_carrot":11,"minecraft:beef":15,"minecraft:furnace":1,"minecraft:egg":1,"minecraft:cherry_fence":3,"minecraft:cherry_log":197,"minecraft:golden_axe":24,"minecraft:water_bucket":2,"minecraft:birch_planks":97,"minecraft:stone_pickaxe":16,"minecraft:oak_planks":2,"minecraft:wooden_pickaxe":14,"minecraft:cherry_planks":239,"minecraft:diamond_axe":102,"minecraft:cauldron":2,"minecraft:stonecutter":1,"minecraft:salmon":6,"minecraft:oak_slab":73,"minecraft:crafting_table":10,"minecraft:white_bed":5,"minecraft:oak_log":20,"minecraft:diamond_pickaxe":160,"minecraft:apple":5,"minecraft:bread":9,"minecraft:lectern":1,"minecraft:stone_axe":527,"minecraft:pink_petals":123,"minecraft:cobblestone":10,"minecraft:porkchop":3,"minecraft:grindstone":2,"minecraft:bucket":10,"minecraft:stripped_cherry_log":3,"minecraft:stripped_oak_log":7,"minecraft:splash_potion":1,"minecraft:smooth_stone":50},"minecraft:killed":{"minecraft:spider":1,"minecraft:pig":2,"minecraft:salmon":6,"minecraft:creeper":3,"minecraft:sheep":9,"minecraft:zombie":2,"minecraft:cow":8},"minecraft:broken":{"minecraft:iron_shovel":3,"minecraft:golden_shovel":5,"minecraft:golden_axe":1,"minecraft:iron_axe":1,"minecraft:stone_axe":4},"minecraft:dropped":{"minecraft:enchanted_book":2,"minecraft:oak_slab":7,"minecraft:wheat_seeds":17,"minecraft:tnt":2,"minecraft:golden_pickaxe":1,"minecraft:crafting_table":1,"minecraft:book":3,"minecraft:leather":9,"minecraft:apple":1,"minecraft:item_frame":3,"minecraft:stick":8,"minecraft:dirt":818,"minecraft:cornflower":2,"minecraft:wooden_axe":2,"minecraft:fire_charge":2,"minecraft:oak_stairs":1,"minecraft:bone_meal":1,"minecraft:flowering_azalea":1,"minecraft:iron_pickaxe":1,"minecraft:stripped_oak_wood":9,"minecraft:pink_petals":425,"minecraft:smooth_sandstone":27,"minecraft:trapped_chest":1,"minecraft:white_wool":15,"minecraft:acacia_planks":95,"minecraft:chiseled_sandstone":3,"minecraft:dandelion":1,"minecraft:stone_axe":1,"minecraft:sugar_cane":16,"minecraft:birch_sapling":20,"minecraft:cherry_sapling":48,"minecraft:oak_planks":10,"minecraft:stripped_oak_log":3,"minecraft:sandstone_wall":18,"minecraft:gunpowder":2,"minecraft:spruce_trapdoor":1,"minecraft:azalea":1,"minecraft:oak_boat":1,"apotheosis:gem":1,"minecraft:oak_sapling":10,"minecraft:acacia_sapling":2,"minecraft:wooden_pickaxe":1,"minecraft:stone_pickaxe":2,"minecraft:black_wool":1}},"DataVersion":3465}