{"stats":{"minecraft:mined":{"minecraft:crafting_table":1,"minecraft:grass":2,"minecraft:coal_ore":5,"minecraft:oak_log":20,"minecraft:flowering_azalea_leaves":1,"minecraft:dead_bush":1,"minecraft:azalea_leaves":6,"minecraft:stone":25,"minecraft:sugar_cane":6},"minecraft:dropped":{"minecraft:wooden_pickaxe":1},"minecraft:used":{"minecraft:apple":1,"minecraft:stone_pickaxe":16,"minecraft:wooden_pickaxe":14,"minecraft:stone_axe":22,"minecraft:salmon":1,"minecraft:mutton":1,"minecraft:crafting_table":1,"minecraft:egg":1},"minecraft:killed":{"minecraft:sheep":1,"minecraft:salmon":3},"minecraft:custom":{"minecraft:time_since_rest":9543,"minecraft:sprint_one_cm":46838,"minecraft:damage_taken":273,"minecraft:walk_one_cm":13723,"minecraft:mob_kills":4,"minecraft:drop":1,"minecraft:damage_dealt":469,"minecraft:swim_one_cm":12452,"minecraft:interact_with_crafting_table":5,"minecraft:fly_one_cm":123132,"minecraft:crouch_one_cm":674,"minecraft:play_time":13436,"minecraft:deaths":1,"minecraft:sneak_time":435,"minecraft:walk_under_water_one_cm":9367,"minecraft:jump":448,"minecraft:damage_dealt_resisted":0,"minecraft:walk_on_water_one_cm":3966,"minecraft:time_since_death":9508,"minecraft:climb_one_cm":44,"minecraft:total_world_time":13436,"minecraft:fall_one_cm":14874},"minecraft:crafted":{"minecraft:oak_planks":56,"minecraft:crafting_table":1,"minecraft:stick":4,"minecraft:wooden_pickaxe":1,"minecraft:stone_pickaxe":1,"minecraft:furnace":1,"minecraft:stone_axe":1},"minecraft:picked_up":{"minecraft:stick":14,"minecraft:crafting_table":1,"minecraft:salmon":2,"minecraft:oak_log":20,"minecraft:apple":1,"minecraft:bone_meal":1,"minecraft:azalea":1,"minecraft:oak_sapling":4,"minecraft:sugar_cane":16,"minecraft:mutton":1,"minecraft:coal":4,"minecraft:flowering_azalea":1,"minecraft:white_wool":1,"minecraft:cobblestone":25,"minecraft:egg":1}},"DataVersion":3465}