{"stats":{"minecraft:mined":{"minecraft:white_bed":5,"minecraft:cherry_log":59,"minecraft:cherry_sapling":1,"minecraft:obsidian":6,"minecraft:acacia_log":2,"minecraft:grass_block":330,"minecraft:bookshelf":10,"minecraft:flowering_azalea_leaves":1,"minecraft:dirt_path":4,"minecraft:iron_bars":1,"minecraft:stripped_oak_log":10,"minecraft:stone":27,"minecraft:azalea_leaves":6,"minecraft:oak_slab":12,"minecraft:oak_fence":4,"minecraft:crafting_table":7,"minecraft:cornflower":1,"minecraft:torch":2,"minecraft:chest":1,"minecraft:dead_bush":1,"minecraft:tall_grass":4,"minecraft:sugar_cane":6,"minecraft:oak_planks":3,"minecraft:wall_torch":3,"minecraft:pink_petals":52,"minecraft:trapped_chest":1,"minecraft:white_carpet":2,"minecraft:tnt":2,"minecraft:grass":43,"minecraft:oak_log":61,"minecraft:coal_ore":10,"minecraft:sand":1,"minecraft:dirt":219},"minecraft:dropped":{"minecraft:enchanted_book":2,"minecraft:oak_slab":7,"minecraft:wheat_seeds":10,"minecraft:golden_pickaxe":1,"minecraft:leather":2,"minecraft:apple":1,"minecraft:item_frame":3,"minecraft:stick":8,"minecraft:dirt":472,"minecraft:cornflower":2,"minecraft:fire_charge":2,"minecraft:oak_stairs":1,"minecraft:bone_meal":1,"minecraft:flowering_azalea":1,"minecraft:iron_pickaxe":1,"minecraft:stripped_oak_wood":9,"minecraft:pink_petals":348,"minecraft:smooth_sandstone":27,"minecraft:trapped_chest":1,"minecraft:white_wool":4,"minecraft:acacia_planks":5,"minecraft:chiseled_sandstone":3,"minecraft:sugar_cane":16,"minecraft:cherry_sapling":19,"minecraft:oak_planks":10,"minecraft:stripped_oak_log":3,"minecraft:sandstone_wall":18,"minecraft:spruce_trapdoor":1,"minecraft:azalea":1,"minecraft:oak_boat":1,"apotheosis:gem":1,"minecraft:oak_sapling":10,"minecraft:wooden_pickaxe":1,"minecraft:stone_pickaxe":1},"minecraft:used":{"minecraft:oak_fence":4,"minecraft:cherry_sapling":17,"minecraft:iron_shovel":562,"minecraft:oak_sign":1,"minecraft:chest":2,"minecraft:torch":8,"minecraft:dirt":58,"minecraft:mutton":10,"minecraft:white_carpet":2,"minecraft:lava_bucket":3,"minecraft:lantern":4,"minecraft:iron_axe":62,"minecraft:golden_carrot":10,"minecraft:beef":1,"minecraft:egg":1,"minecraft:water_bucket":2,"minecraft:stone_pickaxe":16,"minecraft:oak_planks":2,"minecraft:wooden_pickaxe":14,"minecraft:salmon":6,"minecraft:oak_slab":73,"minecraft:crafting_table":8,"minecraft:white_bed":4,"minecraft:oak_log":20,"minecraft:diamond_pickaxe":19,"minecraft:apple":1,"minecraft:stone_axe":125,"minecraft:pink_petals":95,"minecraft:bucket":6,"minecraft:stripped_oak_log":7,"minecraft:splash_potion":1},"minecraft:broken":{"minecraft:iron_shovel":2,"minecraft:stone_axe":1},"minecraft:killed":{"minecraft:salmon":6,"minecraft:sheep":7,"minecraft:cow":1},"minecraft:custom":{"minecraft:mob_kills":14,"minecraft:interact_with_crafting_table":27,"minecraft:damage_dealt_resisted":0,"minecraft:leave_game":1,"minecraft:time_since_death":69668,"minecraft:climb_one_cm":2207,"minecraft:sprint_one_cm":310402,"minecraft:walk_one_cm":171676,"minecraft:drop":61,"minecraft:talked_to_villager":2,"minecraft:play_time":89523,"minecraft:deaths":2,"minecraft:sneak_time":4030,"minecraft:walk_under_water_one_cm":13651,"minecraft:jump":2302,"minecraft:interact_with_brewingstand":1,"minecraft:walk_on_water_one_cm":7317,"minecraft:total_world_time":89523,"minecraft:sleep_in_bed":4,"minecraft:time_since_rest":8088,"minecraft:damage_taken":874,"minecraft:trigger_trapped_chest":2,"minecraft:damage_dealt":1325,"minecraft:swim_one_cm":67464,"minecraft:fly_one_cm":561131,"minecraft:open_chest":10,"minecraft:crouch_one_cm":8805,"minecraft:fall_one_cm":64709},"minecraft:crafted":{"minecraft:cherry_planks":116,"minecraft:oak_planks":96,"minecraft:oak_sign":3,"minecraft:iron_nugget":36,"minecraft:furnace":1,"minecraft:lantern":4,"minecraft:iron_axe":1,"minecraft:stone_pickaxe":1,"minecraft:chest":1,"minecraft:oak_fence":6,"minecraft:oak_slab":96,"minecraft:crafting_table":2,"minecraft:wooden_pickaxe":1,"minecraft:stone_axe":1,"minecraft:oak_boat":1,"minecraft:diamond_pickaxe":1,"minecraft:stick":16,"minecraft:iron_ingot":2,"minecraft:iron_pickaxe":1,"minecraft:iron_shovel":3,"minecraft:white_bed":1,"minecraft:acacia_planks":8,"minecraft:torch":8},"minecraft:picked_up":{"minecraft:crafting_table":8,"minecraft:golden_pickaxe":1,"minecraft:oak_stairs":1,"minecraft:enchanted_book":3,"minecraft:cornflower":2,"minecraft:white_carpet":2,"minecraft:item_frame":3,"minecraft:bucket":1,"minecraft:beef":1,"minecraft:azalea":1,"minecraft:sugar_cane":32,"minecraft:chest":2,"minecraft:spruce_trapdoor":1,"minecraft:egg":1,"minecraft:furnace":1,"minecraft:stick":66,"apotheosis:gem":8,"minecraft:oak_fence":4,"minecraft:torch":9,"minecraft:acacia_log":2,"minecraft:fire_charge":2,"minecraft:sandstone_wall":18,"minecraft:cherry_log":53,"minecraft:tnt":2,"minecraft:arrow":3,"minecraft:gold_ingot":5,"minecraft:obsidian":6,"minecraft:mutton":10,"minecraft:iron_bars":1,"minecraft:white_wool":7,"minecraft:cobblestone":37,"minecraft:stripped_oak_log":13,"minecraft:pink_petals":456,"minecraft:golden_carrot":11,"minecraft:salmon":6,"minecraft:leather":2,"minecraft:golden_leggings":1,"minecraft:oak_log":50,"minecraft:golden_boots":1,"minecraft:dirt":549,"minecraft:smooth_sandstone":27,"minecraft:apple":2,"minecraft:wheat_seeds":10,"minecraft:raw_gold":9,"minecraft:iron_ingot":13,"minecraft:stone_pickaxe":1,"minecraft:stripped_oak_wood":9,"minecraft:flowering_azalea":1,"minecraft:oak_planks":57,"minecraft:book":45,"minecraft:oak_slab":19,"minecraft:white_bed":5,"minecraft:chiseled_sandstone":3,"minecraft:trapped_chest":1,"minecraft:diamond":3,"minecraft:stone_axe":1,"minecraft:bone_meal":1,"minecraft:cherry_sapling":52,"minecraft:oak_sapling":10,"minecraft:coal":12},"minecraft:killed_by":{"minecraft:iron_golem":1}},"DataVersion":3465}