{"stats":{"minecraft:mined":{"minecraft:white_bed":2,"minecraft:obsidian":5,"minecraft:crafting_table":3,"minecraft:acacia_log":2,"minecraft:chest":1,"minecraft:dead_bush":1,"minecraft:sugar_cane":6,"minecraft:trapped_chest":1,"minecraft:grass":26,"minecraft:bookshelf":9,"minecraft:oak_log":20,"minecraft:coal_ore":5,"minecraft:flowering_azalea_leaves":1,"minecraft:dirt":1,"minecraft:sand":1,"minecraft:stripped_oak_log":10,"minecraft:azalea_leaves":6,"minecraft:stone":26},"minecraft:dropped":{"minecraft:enchanted_book":2,"minecraft:oak_slab":7,"minecraft:sugar_cane":16,"minecraft:wheat_seeds":1,"minecraft:golden_pickaxe":1,"minecraft:oak_planks":10,"minecraft:stripped_oak_log":3,"minecraft:leather":2,"minecraft:item_frame":3,"minecraft:sandstone_wall":18,"minecraft:spruce_trapdoor":1,"minecraft:cornflower":1,"apotheosis:gem":1,"minecraft:azalea":1,"minecraft:oak_sapling":4,"minecraft:fire_charge":2,"minecraft:oak_stairs":1,"minecraft:bone_meal":1,"minecraft:flowering_azalea":1,"minecraft:stone_pickaxe":1,"minecraft:wooden_pickaxe":1,"minecraft:iron_pickaxe":1,"minecraft:stripped_oak_wood":9,"minecraft:smooth_sandstone":27,"minecraft:trapped_chest":1,"minecraft:white_wool":4,"minecraft:acacia_planks":5,"minecraft:chiseled_sandstone":3},"minecraft:used":{"minecraft:water_bucket":1,"minecraft:stone_pickaxe":16,"minecraft:wooden_pickaxe":14,"minecraft:salmon":6,"minecraft:mutton":10,"minecraft:crafting_table":4,"minecraft:white_bed":1,"minecraft:diamond_pickaxe":7,"minecraft:lava_bucket":1,"minecraft:apple":1,"minecraft:stone_axe":64,"minecraft:golden_carrot":3,"minecraft:beef":1,"minecraft:bucket":3,"minecraft:egg":1,"minecraft:stripped_oak_log":7},"minecraft:killed":{"minecraft:salmon":6,"minecraft:sheep":7,"minecraft:cow":1},"minecraft:custom":{"minecraft:mob_kills":14,"minecraft:interact_with_crafting_table":11,"minecraft:damage_dealt_resisted":0,"minecraft:time_since_death":17581,"minecraft:sleep_in_bed":1,"minecraft:climb_one_cm":44,"minecraft:time_since_rest":10707,"minecraft:sprint_one_cm":152937,"minecraft:damage_taken":731,"minecraft:walk_one_cm":48157,"minecraft:trigger_trapped_chest":1,"minecraft:drop":35,"minecraft:damage_dealt":1325,"minecraft:swim_one_cm":48040,"minecraft:talked_to_villager":2,"minecraft:fly_one_cm":313217,"minecraft:open_chest":2,"minecraft:crouch_one_cm":1863,"minecraft:play_time":37436,"minecraft:deaths":2,"minecraft:sneak_time":1307,"minecraft:walk_under_water_one_cm":12634,"minecraft:jump":1158,"minecraft:walk_on_water_one_cm":6426,"minecraft:total_world_time":37436,"minecraft:fall_one_cm":34631},"minecraft:crafted":{"minecraft:oak_planks":80,"minecraft:crafting_table":2,"minecraft:wooden_pickaxe":1,"minecraft:furnace":1,"minecraft:stone_axe":1,"minecraft:diamond_pickaxe":1,"minecraft:stick":4,"minecraft:iron_ingot":2,"minecraft:iron_pickaxe":1,"minecraft:stone_pickaxe":1,"minecraft:white_bed":1,"minecraft:acacia_planks":8,"minecraft:torch":8},"minecraft:picked_up":{"minecraft:stripped_oak_log":13,"minecraft:crafting_table":4,"minecraft:golden_carrot":11,"minecraft:salmon":6,"minecraft:golden_pickaxe":1,"minecraft:leather":2,"minecraft:golden_leggings":1,"minecraft:oak_stairs":1,"minecraft:enchanted_book":3,"minecraft:oak_log":26,"minecraft:golden_boots":1,"minecraft:cornflower":1,"minecraft:item_frame":3,"minecraft:smooth_sandstone":27,"minecraft:apple":1,"minecraft:wheat_seeds":1,"minecraft:bucket":1,"minecraft:iron_ingot":6,"minecraft:beef":1,"minecraft:stone_pickaxe":1,"minecraft:stripped_oak_wood":9,"minecraft:azalea":1,"minecraft:sugar_cane":32,"minecraft:chest":2,"minecraft:oak_planks":54,"minecraft:flowering_azalea":1,"minecraft:spruce_trapdoor":1,"minecraft:furnace":1,"minecraft:egg":1,"minecraft:book":42,"minecraft:oak_slab":7,"minecraft:stick":25,"apotheosis:gem":8,"minecraft:torch":4,"minecraft:acacia_log":2,"minecraft:fire_charge":2,"minecraft:sandstone_wall":18,"minecraft:white_bed":2,"minecraft:trapped_chest":1,"minecraft:chiseled_sandstone":3,"minecraft:diamond":3,"minecraft:stone_axe":1,"minecraft:bone_meal":1,"minecraft:gold_ingot":5,"minecraft:oak_sapling":4,"minecraft:obsidian":5,"minecraft:mutton":10,"minecraft:coal":7,"minecraft:white_wool":7,"minecraft:cobblestone":36},"minecraft:killed_by":{"minecraft:iron_golem":1}},"DataVersion":3465}