{"stats":{"minecraft:custom":{"minecraft:mob_kills":33,"minecraft:interact_with_crafting_table":76,"minecraft:damage_dealt_resisted":0,"minecraft:leave_game":4,"minecraft:time_since_death":53771,"minecraft:climb_one_cm":6384,"minecraft:sprint_one_cm":746356,"minecraft:walk_one_cm":808794,"minecraft:drop":112,"minecraft:talked_to_villager":7,"minecraft:play_time":243346,"minecraft:sneak_time":23966,"minecraft:deaths":6,"minecraft:walk_under_water_one_cm":15550,"minecraft:jump":4432,"minecraft:interact_with_brewingstand":2,"minecraft:walk_on_water_one_cm":12340,"minecraft:total_world_time":243346,"minecraft:interact_with_furnace":34,"minecraft:interact_with_stonecutter":2,"minecraft:interact_with_grindstone":4,"minecraft:sleep_in_bed":9,"minecraft:time_since_rest":53803,"minecraft:damage_taken":3058,"minecraft:trigger_trapped_chest":3,"minecraft:damage_dealt":3852,"minecraft:swim_one_cm":75039,"minecraft:fly_one_cm":1000877,"minecraft:open_chest":54,"minecraft:crouch_one_cm":94077,"minecraft:fall_one_cm":144452},"minecraft:mined":{"minecraft:white_bed":5,"minecraft:cherry_log":393,"minecraft:stripped_cherry_log":3,"minecraft:cherry_sapling":6,"minecraft:obsidian":6,"minecraft:acacia_log":2,"minecraft:grass_block":690,"minecraft:smooth_stone":2,"minecraft:cobbled_deepslate":1,"minecraft:iron_ore":9,"minecraft:pumpkin":5,"minecraft:deepslate_lapis_ore":1,"minecraft:deepslate_iron_ore":2,"minecraft:bookshelf":11,"minecraft:flowering_azalea_leaves":1,"minecraft:water_cauldron":1,"minecraft:dirt_path":4,"minecraft:iron_bars":5,"minecraft:stripped_oak_log":10,"minecraft:azalea_leaves":6,"minecraft:stone":126,"minecraft:cherry_stairs":9,"minecraft:white_wool":1,"minecraft:smithing_table":1,"minecraft:oak_slab":12,"minecraft:cherry_planks":87,"minecraft:oak_fence":4,"minecraft:crafting_table":10,"minecraft:cornflower":1,"minecraft:torch":2,"minecraft:chest":1,"minecraft:dead_bush":1,"minecraft:lectern":1,"minecraft:cobblestone":23,"minecraft:tall_grass":5,"minecraft:lapis_ore":4,"minecraft:grindstone":2,"minecraft:sugar_cane":6,"minecraft:oak_planks":3,"minecraft:wall_torch":3,"minecraft:cherry_slab":122,"minecraft:cauldron":1,"minecraft:pink_petals":74,"minecraft:birch_planks":34,"minecraft:trapped_chest":1,"minecraft:birch_log":132,"minecraft:wheat":33,"minecraft:white_carpet":4,"minecraft:tnt":4,"minecraft:grass":70,"minecraft:oak_log":61,"minecraft:coal_ore":28,"minecraft:gravel":4,"minecraft:sand":1,"minecraft:dirt":292,"minecraft:stone_bricks":3,"minecraft:deepslate":3},"minecraft:picked_up":{"minecraft:wooden_axe":2,"minecraft:crafting_table":13,"minecraft:wheat":33,"minecraft:golden_pickaxe":1,"minecraft:smithing_table":1,"minecraft:oak_stairs":1,"minecraft:stripped_cherry_log":5,"minecraft:enchanted_book":3,"minecraft:cornflower":2,"minecraft:string":1,"minecraft:iron_axe":1,"minecraft:iron_leggings":3,"minecraft:item_frame":3,"minecraft:white_carpet":5,"minecraft:iron_shovel":2,"minecraft:diamond_leggings":1,"minecraft:cobbled_deepslate":10,"minecraft:smooth_stone":2,"minecraft:bucket":1,"minecraft:beef":15,"minecraft:azalea":1,"minecraft:iron_pickaxe":2,"minecraft:lectern":1,"minecraft:sugar_cane":32,"minecraft:chest":2,"minecraft:birch_sapling":20,"minecraft:furnace":1,"minecraft:spruce_trapdoor":1,"minecraft:iron_boots":5,"minecraft:egg":1,"minecraft:stick":271,"minecraft:raw_iron":11,"apotheosis:gem":14,"minecraft:cherry_stairs":7,"minecraft:oak_fence":4,"minecraft:torch":9,"minecraft:acacia_log":2,"minecraft:fire_charge":2,"minecraft:sandstone_wall":18,"minecraft:porkchop":3,"minecraft:cherry_log":428,"minecraft:cauldron":2,"minecraft:tnt":4,"minecraft:rotten_flesh":3,"minecraft:arrow":3,"minecraft:gold_ingot":32,"minecraft:obsidian":6,"minecraft:mutton":14,"minecraft:iron_bars":5,"minecraft:white_wool":18,"minecraft:cobblestone":209,"minecraft:stripped_oak_log":13,"minecraft:birch_log":129,"minecraft:pink_petals":584,"minecraft:cherry_planks":89,"minecraft:golden_carrot":11,"minecraft:salmon":6,"minecraft:leather":18,"minecraft:golden_leggings":1,"minecraft:birch_planks":165,"minecraft:oak_log":50,"minecraft:cherry_fence":4,"minecraft:golden_boots":1,"minecraft:lapis_lazuli":30,"minecraft:gunpowder":6,"minecraft:dirt":981,"minecraft:smooth_sandstone":27,"minecraft:bone":11,"minecraft:acacia_planks":90,"minecraft:apple":2,"minecraft:stone_bricks":3,"minecraft:wheat_seeds":103,"minecraft:raw_gold":9,"minecraft:iron_ingot":13,"minecraft:grindstone":2,"minecraft:stone_pickaxe":2,"minecraft:stripped_oak_wood":9,"minecraft:acacia_sapling":2,"minecraft:oak_planks":57,"minecraft:flowering_azalea":1,"minecraft:book":50,"minecraft:oak_slab":19,"minecraft:pumpkin":5,"minecraft:dandelion":1,"minecraft:gravel":7,"minecraft:white_bed":5,"minecraft:chiseled_sandstone":3,"minecraft:trapped_chest":1,"minecraft:diamond":3,"minecraft:stone_axe":3,"minecraft:iron_helmet":3,"minecraft:diamond_axe":1,"minecraft:bone_meal":1,"minecraft:cherry_sapling":274,"minecraft:cherry_slab":166,"minecraft:oak_sapling":10,"minecraft:black_wool":1,"minecraft:coal":30,"minecraft:diamond_pickaxe":3},"minecraft:crafted":{"minecraft:cherry_planks":740,"minecraft:smooth_stone":48,"minecraft:oak_planks":96,"minecraft:oak_sign":3,"minecraft:iron_nugget":36,"minecraft:cherry_slab":414,"minecraft:furnace":1,"minecraft:stone":64,"minecraft:lantern":4,"minecraft:iron_axe":1,"minecraft:cherry_stairs":72,"minecraft:stone_pickaxe":1,"minecraft:chest":1,"minecraft:cherry_fence":15,"minecraft:oak_fence":6,"minecraft:golden_axe":1,"minecraft:oak_slab":96,"minecraft:diamond_axe":1,"minecraft:crafting_table":6,"minecraft:wooden_pickaxe":1,"minecraft:golden_shovel":5,"minecraft:birch_planks":256,"minecraft:stone_axe":4,"minecraft:bread":12,"minecraft:air":0,"minecraft:oak_boat":1,"minecraft:diamond_pickaxe":1,"minecraft:stick":28,"minecraft:iron_ingot":4,"minecraft:iron_pickaxe":1,"minecraft:iron_shovel":3,"minecraft:gold_ingot":9,"minecraft:stonecutter":1,"minecraft:white_bed":1,"minecraft:acacia_planks":8,"minecraft:torch":8},"minecraft:killed_by":{"minecraft:player":1,"minecraft:iron_golem":1},"minecraft:used":{"minecraft:oak_fence":4,"minecraft:cherry_sapling":56,"minecraft:iron_bars":3,"minecraft:iron_shovel":774,"minecraft:oak_sign":1,"minecraft:chest":2,"minecraft:rotten_flesh":3,"minecraft:torch":8,"minecraft:dirt":157,"minecraft:mutton":14,"minecraft:white_carpet":5,"minecraft:golden_shovel":160,"minecraft:lava_bucket":7,"minecraft:lantern":4,"minecraft:iron_axe":251,"minecraft:cherry_slab":536,"minecraft:stone_bricks":3,"minecraft:golden_carrot":11,"minecraft:beef":15,"minecraft:furnace":1,"minecraft:cobbled_deepslate":10,"minecraft:egg":1,"minecraft:cherry_fence":11,"minecraft:cherry_log":197,"minecraft:golden_axe":24,"minecraft:wheat_seeds":33,"minecraft:water_bucket":2,"minecraft:birch_planks":151,"minecraft:stone_pickaxe":16,"minecraft:oak_planks":2,"minecraft:wooden_pickaxe":14,"minecraft:cherry_planks":441,"minecraft:diamond_axe":422,"minecraft:cauldron":2,"minecraft:stonecutter":1,"minecraft:salmon":6,"minecraft:oak_slab":73,"minecraft:crafting_table":15,"minecraft:white_bed":5,"minecraft:oak_log":20,"minecraft:diamond_pickaxe":198,"minecraft:apple":5,"minecraft:bread":17,"minecraft:lectern":1,"minecraft:stone_axe":527,"minecraft:pink_petals":124,"minecraft:cobblestone":33,"minecraft:cherry_stairs":76,"minecraft:porkchop":3,"minecraft:grindstone":2,"minecraft:bucket":10,"minecraft:stripped_cherry_log":3,"minecraft:stripped_oak_log":7,"minecraft:splash_potion":1,"minecraft:smooth_stone":50},"minecraft:killed":{"minecraft:spider":1,"minecraft:pig":2,"minecraft:salmon":6,"minecraft:creeper":3,"minecraft:sheep":9,"minecraft:zombie":4,"minecraft:cow":8},"minecraft:broken":{"minecraft:iron_shovel":3,"minecraft:golden_shovel":5,"minecraft:golden_axe":1,"minecraft:iron_axe":1,"minecraft:stone_axe":4},"minecraft:dropped":{"minecraft:enchanted_book":2,"minecraft:oak_slab":7,"minecraft:wheat_seeds":69,"minecraft:tnt":2,"minecraft:golden_pickaxe":1,"minecraft:crafting_table":1,"minecraft:diamond_leggings":1,"minecraft:cobblestone":23,"minecraft:book":3,"minecraft:leather":9,"minecraft:apple":1,"minecraft:item_frame":3,"minecraft:stick":8,"minecraft:dirt":818,"minecraft:cornflower":2,"minecraft:wooden_axe":2,"minecraft:fire_charge":2,"minecraft:oak_stairs":1,"minecraft:bone_meal":1,"minecraft:flowering_azalea":1,"minecraft:iron_pickaxe":1,"minecraft:stripped_oak_wood":9,"minecraft:iron_shovel":1,"minecraft:pink_petals":425,"minecraft:smooth_sandstone":27,"minecraft:trapped_chest":1,"minecraft:white_wool":15,"minecraft:acacia_planks":95,"minecraft:chiseled_sandstone":3,"minecraft:dandelion":1,"minecraft:gravel":7,"minecraft:stone_axe":1,"minecraft:sugar_cane":16,"minecraft:birch_sapling":20,"minecraft:cherry_sapling":48,"minecraft:iron_boots":2,"minecraft:oak_planks":10,"minecraft:stripped_oak_log":3,"minecraft:cherry_slab":1,"minecraft:sandstone_wall":18,"minecraft:gunpowder":2,"minecraft:spruce_trapdoor":1,"minecraft:azalea":1,"minecraft:oak_boat":1,"apotheosis:gem":1,"minecraft:oak_sapling":10,"minecraft:acacia_sapling":2,"minecraft:wooden_pickaxe":1,"minecraft:stone_pickaxe":2,"minecraft:black_wool":1}},"DataVersion":3465}