{"stats":{"minecraft:mined":{"minecraft:white_bed":5,"minecraft:cherry_log":101,"minecraft:cherry_sapling":2,"minecraft:obsidian":6,"minecraft:acacia_log":2,"minecraft:grass_block":689,"minecraft:smooth_stone":1,"minecraft:bookshelf":10,"minecraft:flowering_azalea_leaves":1,"minecraft:dirt_path":4,"minecraft:iron_bars":1,"minecraft:stripped_oak_log":10,"minecraft:stone":112,"minecraft:azalea_leaves":6,"minecraft:white_wool":1,"minecraft:smithing_table":1,"minecraft:oak_slab":12,"minecraft:oak_fence":4,"minecraft:crafting_table":7,"minecraft:cornflower":1,"minecraft:torch":2,"minecraft:chest":1,"minecraft:dead_bush":1,"minecraft:lectern":1,"minecraft:tall_grass":4,"minecraft:grindstone":2,"minecraft:sugar_cane":6,"minecraft:oak_planks":3,"minecraft:wall_torch":3,"minecraft:pink_petals":71,"minecraft:trapped_chest":1,"minecraft:white_carpet":2,"minecraft:tnt":2,"minecraft:grass":58,"minecraft:oak_log":61,"minecraft:coal_ore":28,"minecraft:sand":1,"minecraft:dirt":292},"minecraft:dropped":{"minecraft:enchanted_book":2,"minecraft:oak_slab":7,"minecraft:wheat_seeds":16,"minecraft:golden_pickaxe":1,"minecraft:crafting_table":1,"minecraft:leather":9,"minecraft:apple":1,"minecraft:item_frame":3,"minecraft:stick":8,"minecraft:dirt":818,"minecraft:cornflower":2,"minecraft:wooden_axe":2,"minecraft:fire_charge":2,"minecraft:oak_stairs":1,"minecraft:bone_meal":1,"minecraft:flowering_azalea":1,"minecraft:iron_pickaxe":1,"minecraft:stripped_oak_wood":9,"minecraft:pink_petals":423,"minecraft:smooth_sandstone":27,"minecraft:trapped_chest":1,"minecraft:white_wool":15,"minecraft:acacia_planks":95,"minecraft:dandelion":1,"minecraft:chiseled_sandstone":3,"minecraft:stone_axe":1,"minecraft:sugar_cane":16,"minecraft:cherry_sapling":19,"minecraft:oak_planks":10,"minecraft:stripped_oak_log":3,"minecraft:sandstone_wall":18,"minecraft:spruce_trapdoor":1,"minecraft:acacia_sapling":2,"minecraft:azalea":1,"minecraft:oak_boat":1,"apotheosis:gem":1,"minecraft:oak_sapling":10,"minecraft:wooden_pickaxe":1,"minecraft:stone_pickaxe":2,"minecraft:black_wool":1},"minecraft:used":{"minecraft:oak_fence":4,"minecraft:cherry_sapling":23,"minecraft:iron_shovel":774,"minecraft:oak_sign":1,"minecraft:chest":2,"minecraft:torch":8,"minecraft:dirt":156,"minecraft:mutton":14,"minecraft:white_carpet":2,"minecraft:golden_shovel":160,"minecraft:lava_bucket":7,"minecraft:lantern":4,"minecraft:iron_axe":138,"minecraft:golden_carrot":11,"minecraft:beef":1,"minecraft:furnace":1,"minecraft:egg":1,"minecraft:cherry_log":13,"minecraft:water_bucket":2,"minecraft:stone_pickaxe":16,"minecraft:oak_planks":2,"minecraft:wooden_pickaxe":14,"minecraft:cherry_planks":238,"minecraft:salmon":6,"minecraft:oak_slab":73,"minecraft:crafting_table":8,"minecraft:white_bed":5,"minecraft:oak_log":20,"minecraft:diamond_pickaxe":127,"minecraft:apple":1,"minecraft:bread":7,"minecraft:stone_axe":125,"minecraft:pink_petals":122,"minecraft:grindstone":2,"minecraft:porkchop":2,"minecraft:bucket":10,"minecraft:stripped_oak_log":7,"minecraft:splash_potion":1},"minecraft:broken":{"minecraft:iron_shovel":3,"minecraft:golden_shovel":5,"minecraft:stone_axe":1},"minecraft:killed":{"minecraft:pig":2,"minecraft:salmon":6,"minecraft:sheep":9,"minecraft:zombie":1,"minecraft:cow":1},"minecraft:custom":{"minecraft:mob_kills":19,"minecraft:interact_with_crafting_table":34,"minecraft:damage_dealt_resisted":0,"minecraft:leave_game":1,"minecraft:time_since_death":16745,"minecraft:climb_one_cm":2207,"minecraft:sprint_one_cm":433007,"minecraft:walk_one_cm":292399,"minecraft:drop":89,"minecraft:talked_to_villager":3,"minecraft:play_time":125523,"minecraft:deaths":3,"minecraft:sneak_time":4333,"minecraft:walk_under_water_one_cm":13840,"minecraft:jump":3014,"minecraft:interact_with_brewingstand":1,"minecraft:walk_on_water_one_cm":8897,"minecraft:total_world_time":125523,"minecraft:interact_with_furnace":10,"minecraft:interact_with_grindstone":3,"minecraft:sleep_in_bed":5,"minecraft:time_since_rest":16776,"minecraft:damage_taken":1549,"minecraft:trigger_trapped_chest":2,"minecraft:damage_dealt":1850,"minecraft:swim_one_cm":67464,"minecraft:fly_one_cm":699461,"minecraft:open_chest":27,"minecraft:crouch_one_cm":10173,"minecraft:fall_one_cm":86207},"minecraft:crafted":{"minecraft:cherry_planks":268,"minecraft:oak_planks":96,"minecraft:oak_sign":3,"minecraft:iron_nugget":36,"minecraft:furnace":1,"minecraft:stone":24,"minecraft:lantern":4,"minecraft:iron_axe":1,"minecraft:stone_pickaxe":1,"minecraft:chest":1,"minecraft:oak_fence":6,"minecraft:oak_slab":96,"minecraft:crafting_table":2,"minecraft:wooden_pickaxe":1,"minecraft:golden_shovel":5,"minecraft:stone_axe":1,"minecraft:air":0,"minecraft:oak_boat":1,"minecraft:diamond_pickaxe":1,"minecraft:stick":28,"minecraft:iron_ingot":2,"minecraft:iron_pickaxe":1,"minecraft:iron_shovel":3,"minecraft:gold_ingot":9,"minecraft:white_bed":1,"minecraft:acacia_planks":8,"minecraft:torch":8},"minecraft:picked_up":{"minecraft:wooden_axe":2,"minecraft:crafting_table":9,"minecraft:golden_pickaxe":1,"minecraft:smithing_table":1,"minecraft:oak_stairs":1,"minecraft:enchanted_book":3,"minecraft:cornflower":2,"minecraft:white_carpet":2,"minecraft:item_frame":3,"minecraft:smooth_stone":1,"minecraft:bucket":1,"minecraft:beef":1,"minecraft:azalea":1,"minecraft:lectern":1,"minecraft:sugar_cane":32,"minecraft:chest":2,"minecraft:spruce_trapdoor":1,"minecraft:egg":1,"minecraft:furnace":1,"minecraft:stick":80,"apotheosis:gem":8,"minecraft:oak_fence":4,"minecraft:torch":9,"minecraft:acacia_log":2,"minecraft:fire_charge":2,"minecraft:sandstone_wall":18,"minecraft:porkchop":3,"minecraft:cherry_log":95,"minecraft:tnt":2,"minecraft:arrow":3,"minecraft:gold_ingot":5,"minecraft:obsidian":6,"minecraft:mutton":14,"minecraft:iron_bars":1,"minecraft:white_wool":18,"minecraft:cobblestone":121,"minecraft:stripped_oak_log":13,"minecraft:pink_petals":582,"minecraft:golden_carrot":11,"minecraft:salmon":6,"minecraft:leather":9,"minecraft:golden_leggings":1,"minecraft:oak_log":50,"minecraft:golden_boots":1,"minecraft:dirt":980,"minecraft:smooth_sandstone":27,"minecraft:acacia_planks":90,"minecraft:apple":2,"minecraft:wheat_seeds":16,"minecraft:raw_gold":9,"minecraft:grindstone":2,"minecraft:iron_ingot":13,"minecraft:stone_pickaxe":2,"minecraft:stripped_oak_wood":9,"minecraft:acacia_sapling":2,"minecraft:flowering_azalea":1,"minecraft:oak_planks":57,"minecraft:book":45,"minecraft:oak_slab":19,"minecraft:dandelion":1,"minecraft:white_bed":5,"minecraft:chiseled_sandstone":3,"minecraft:trapped_chest":1,"minecraft:diamond":3,"minecraft:stone_axe":2,"minecraft:bone_meal":1,"minecraft:cherry_sapling":76,"minecraft:oak_sapling":10,"minecraft:black_wool":1,"minecraft:coal":30},"minecraft:killed_by":{"minecraft:player":1,"minecraft:iron_golem":1}},"DataVersion":3465}