{"stats":{"minecraft:mined":{"minecraft:oak_slab":12,"minecraft:white_bed":4,"minecraft:oak_fence":4,"minecraft:obsidian":6,"minecraft:crafting_table":4,"minecraft:torch":1,"minecraft:acacia_log":2,"minecraft:grass_block":2,"minecraft:chest":1,"minecraft:dead_bush":1,"minecraft:oak_planks":2,"minecraft:sugar_cane":6,"minecraft:pink_petals":7,"minecraft:wall_torch":3,"minecraft:trapped_chest":1,"minecraft:white_carpet":2,"minecraft:tnt":2,"minecraft:grass":27,"minecraft:bookshelf":10,"minecraft:oak_log":61,"minecraft:coal_ore":10,"minecraft:flowering_azalea_leaves":1,"minecraft:iron_bars":1,"minecraft:dirt":4,"minecraft:sand":1,"minecraft:stripped_oak_log":10,"minecraft:azalea_leaves":6,"minecraft:stone":27},"minecraft:dropped":{"minecraft:enchanted_book":2,"minecraft:oak_slab":7,"minecraft:sugar_cane":16,"minecraft:wheat_seeds":2,"minecraft:golden_pickaxe":1,"minecraft:oak_planks":10,"minecraft:apple":1,"minecraft:stripped_oak_log":3,"minecraft:leather":2,"minecraft:item_frame":3,"minecraft:stick":8,"minecraft:sandstone_wall":18,"minecraft:spruce_trapdoor":1,"minecraft:cornflower":1,"minecraft:oak_boat":1,"apotheosis:gem":1,"minecraft:azalea":1,"minecraft:oak_sapling":10,"minecraft:fire_charge":2,"minecraft:oak_stairs":1,"minecraft:bone_meal":1,"minecraft:flowering_azalea":1,"minecraft:stone_pickaxe":1,"minecraft:wooden_pickaxe":1,"minecraft:iron_pickaxe":1,"minecraft:stripped_oak_wood":9,"minecraft:smooth_sandstone":27,"minecraft:trapped_chest":1,"minecraft:white_wool":4,"minecraft:acacia_planks":5,"minecraft:chiseled_sandstone":3},"minecraft:used":{"minecraft:oak_fence":4,"minecraft:water_bucket":2,"minecraft:stone_pickaxe":16,"minecraft:oak_planks":2,"minecraft:wooden_pickaxe":14,"minecraft:torch":8,"minecraft:salmon":6,"minecraft:dirt":5,"minecraft:mutton":10,"minecraft:white_carpet":2,"minecraft:oak_slab":73,"minecraft:crafting_table":5,"minecraft:white_bed":3,"minecraft:oak_log":20,"minecraft:diamond_pickaxe":15,"minecraft:lava_bucket":1,"minecraft:apple":1,"minecraft:pink_petals":12,"minecraft:stone_axe":125,"minecraft:golden_carrot":8,"minecraft:beef":1,"minecraft:bucket":4,"minecraft:egg":1,"minecraft:stripped_oak_log":7,"minecraft:splash_potion":1},"minecraft:broken":{"minecraft:stone_axe":1},"minecraft:killed":{"minecraft:salmon":6,"minecraft:sheep":7,"minecraft:cow":1},"minecraft:custom":{"minecraft:mob_kills":14,"minecraft:interact_with_crafting_table":18,"minecraft:damage_dealt_resisted":0,"minecraft:time_since_death":47581,"minecraft:sleep_in_bed":3,"minecraft:climb_one_cm":2207,"minecraft:time_since_rest":14105,"minecraft:sprint_one_cm":243946,"minecraft:damage_taken":854,"minecraft:walk_one_cm":105174,"minecraft:trigger_trapped_chest":2,"minecraft:drop":40,"minecraft:damage_dealt":1325,"minecraft:swim_one_cm":67464,"minecraft:talked_to_villager":2,"minecraft:fly_one_cm":479198,"minecraft:open_chest":3,"minecraft:crouch_one_cm":8726,"minecraft:play_time":67436,"minecraft:deaths":2,"minecraft:sneak_time":3987,"minecraft:walk_under_water_one_cm":13651,"minecraft:jump":1901,"minecraft:interact_with_brewingstand":1,"minecraft:walk_on_water_one_cm":7317,"minecraft:total_world_time":67436,"minecraft:fall_one_cm":53653},"minecraft:crafted":{"minecraft:oak_slab":96,"minecraft:oak_planks":80,"minecraft:crafting_table":2,"minecraft:wooden_pickaxe":1,"minecraft:furnace":1,"minecraft:stone_axe":1,"minecraft:oak_boat":1,"minecraft:diamond_pickaxe":1,"minecraft:stick":8,"minecraft:iron_ingot":2,"minecraft:iron_pickaxe":1,"minecraft:stone_pickaxe":1,"minecraft:white_bed":1,"minecraft:acacia_planks":8,"minecraft:torch":8,"minecraft:oak_fence":6},"minecraft:picked_up":{"minecraft:stripped_oak_log":13,"minecraft:pink_petals":12,"minecraft:crafting_table":5,"minecraft:golden_carrot":11,"minecraft:salmon":6,"minecraft:golden_pickaxe":1,"minecraft:leather":2,"minecraft:golden_leggings":1,"minecraft:oak_stairs":1,"minecraft:enchanted_book":3,"minecraft:oak_log":50,"minecraft:golden_boots":1,"minecraft:cornflower":1,"minecraft:dirt":5,"minecraft:white_carpet":2,"minecraft:item_frame":3,"minecraft:smooth_sandstone":27,"minecraft:apple":2,"minecraft:wheat_seeds":3,"minecraft:bucket":1,"minecraft:iron_ingot":6,"minecraft:beef":1,"minecraft:stone_pickaxe":1,"minecraft:stripped_oak_wood":9,"minecraft:azalea":1,"minecraft:sugar_cane":32,"minecraft:chest":2,"minecraft:oak_planks":56,"minecraft:flowering_azalea":1,"minecraft:spruce_trapdoor":1,"minecraft:furnace":1,"minecraft:egg":1,"minecraft:book":45,"minecraft:oak_slab":19,"minecraft:stick":27,"apotheosis:gem":8,"minecraft:oak_fence":4,"minecraft:torch":8,"minecraft:acacia_log":2,"minecraft:fire_charge":2,"minecraft:sandstone_wall":18,"minecraft:white_bed":4,"minecraft:trapped_chest":1,"minecraft:chiseled_sandstone":3,"minecraft:tnt":2,"minecraft:diamond":3,"minecraft:stone_axe":1,"minecraft:bone_meal":1,"minecraft:gold_ingot":5,"minecraft:iron_bars":1,"minecraft:oak_sapling":10,"minecraft:obsidian":6,"minecraft:mutton":10,"minecraft:coal":12,"minecraft:white_wool":7,"minecraft:cobblestone":37},"minecraft:killed_by":{"minecraft:iron_golem":1}},"DataVersion":3465}