{"stats":{"minecraft:custom":{"minecraft:jump":1,"minecraft:time_since_rest":28583,"minecraft:walk_one_cm":4605,"minecraft:leave_game":3,"minecraft:play_time":28583,"minecraft:time_since_death":28583,"minecraft:total_world_time":28583},"minecraft:picked_up":{"minecraft:stick":2,"minecraft:spruce_sapling":1,"minecraft:chicken":1,"minecraft:spruce_log":7,"cobblemon:poke_ball":16,"cobblemon:red_apricorn":4},"minecraft:mined":{"minecraft:spruce_leaves":6,"minecraft:spruce_log":7}},"DataVersion":3465}