{"stats":{"minecraft:killed_by":{"minecraft:creeper":1},"minecraft:broken":{"minecraft:stone_pickaxe":1},"minecraft:custom":{"minecraft:time_since_rest":3631,"minecraft:interact_with_furnace":6,"minecraft:sprint_one_cm":32928,"minecraft:damage_taken":1040,"minecraft:walk_one_cm":20855,"minecraft:drop":3,"minecraft:swim_one_cm":6604,"minecraft:interact_with_crafting_table":6,"minecraft:fly_one_cm":64332,"minecraft:crouch_one_cm":1152,"minecraft:play_time":25417,"minecraft:deaths":3,"minecraft:sneak_time":1415,"minecraft:walk_under_water_one_cm":417,"minecraft:jump":279,"minecraft:leave_game":6,"minecraft:time_since_death":3472,"minecraft:walk_on_water_one_cm":3926,"minecraft:total_world_time":25417,"minecraft:fall_one_cm":16148},"minecraft:mined":{"minecraft:diamond_ore":4,"minecraft:furnace":1,"minecraft:iron_ore":16,"minecraft:clay":10,"minecraft:crafting_table":2,"minecraft:granite":39,"minecraft:oak_log":11,"minecraft:coal_ore":14,"minecraft:melon":4,"minecraft:dead_bush":5,"minecraft:sand":4,"minecraft:dirt":13,"minecraft:azalea_leaves":3,"minecraft:lapis_ore":6,"minecraft:stone":70,"minecraft:sugar_cane":13,"minecraft:diorite":5,"minecraft:sandstone":17},"minecraft:crafted":{"minecraft:oak_planks":44,"minecraft:iron_boots":1,"minecraft:crafting_table":1,"minecraft:stick":4,"minecraft:wooden_pickaxe":1,"minecraft:iron_ingot":10,"minecraft:iron_pickaxe":1,"minecraft:stone_pickaxe":1,"minecraft:wooden_axe":1,"minecraft:furnace":1,"minecraft:torch":4,"minecraft:stone_axe":1,"minecraft:air":0},"minecraft:dropped":{"minecraft:azalea":3,"minecraft:flowering_azalea":1,"minecraft:stick":1},"minecraft:picked_up":{"minecraft:crafting_table":2,"minecraft:stick":10,"minecraft:raw_iron":16,"minecraft:sandstone":17,"minecraft:clay_ball":40,"minecraft:sand":4,"minecraft:oak_log":15,"minecraft:diorite":5,"minecraft:lapis_lazuli":30,"minecraft:dirt":13,"minecraft:diamond":4,"minecraft:granite":39,"minecraft:saddle":1,"minecraft:azalea":3,"minecraft:melon_slice":18,"minecraft:sugar_cane":45,"minecraft:flowering_azalea":1,"minecraft:coal":14,"minecraft:cobblestone":70,"minecraft:furnace":1},"minecraft:used":{"minecraft:wooden_axe":1,"minecraft:melon_slice":1,"minecraft:stone_pickaxe":131,"minecraft:iron_pickaxe":23,"minecraft:wooden_pickaxe":37,"minecraft:sandstone":2,"minecraft:stone_axe":1,"minecraft:torch":2,"minecraft:sand":2,"minecraft:crafting_table":2,"minecraft:furnace":1}},"DataVersion":3465}