{"stats":{"minecraft:mined":{"minecraft:diamond_ore":4,"minecraft:crafting_table":2,"minecraft:clay":10,"minecraft:granite":39,"minecraft:melon":4,"minecraft:dead_bush":5,"minecraft:jungle_log":3,"minecraft:rose_bush":7,"minecraft:lapis_ore":6,"minecraft:sugar_cane":15,"minecraft:diorite":5,"minecraft:sandstone":17,"minecraft:furnace":1,"minecraft:birch_log":2,"minecraft:iron_ore":16,"minecraft:grass":1,"minecraft:oak_log":11,"minecraft:coal_ore":14,"minecraft:vine":1,"minecraft:sand":4,"minecraft:dirt":13,"minecraft:azalea_leaves":3,"minecraft:stone":70},"minecraft:dropped":{"minecraft:stick":1,"minecraft:rose_bush":1,"minecraft:azalea":3,"minecraft:flowering_azalea":1},"minecraft:used":{"minecraft:stone_pickaxe":131,"minecraft:wooden_pickaxe":37,"minecraft:sandstone":2,"minecraft:torch":2,"minecraft:sand":2,"minecraft:crafting_table":2,"minecraft:wooden_axe":1,"minecraft:melon_slice":7,"minecraft:iron_pickaxe":23,"minecraft:stone_axe":1,"minecraft:furnace":1},"minecraft:broken":{"minecraft:stone_pickaxe":1},"minecraft:custom":{"minecraft:interact_with_furnace":6,"minecraft:interact_with_crafting_table":6,"minecraft:leave_game":9,"minecraft:time_since_death":11963,"minecraft:time_since_rest":12122,"minecraft:sprint_one_cm":45584,"minecraft:damage_taken":1100,"minecraft:walk_one_cm":24668,"minecraft:drop":4,"minecraft:damage_dealt":6,"minecraft:swim_one_cm":17670,"minecraft:fly_one_cm":86900,"minecraft:crouch_one_cm":1152,"minecraft:play_time":33908,"minecraft:deaths":3,"minecraft:sneak_time":1437,"minecraft:walk_under_water_one_cm":1585,"minecraft:jump":380,"minecraft:walk_on_water_one_cm":8071,"minecraft:total_world_time":33908,"minecraft:fall_one_cm":20231},"minecraft:crafted":{"minecraft:oak_planks":44,"minecraft:crafting_table":2,"minecraft:wooden_pickaxe":1,"minecraft:furnace":1,"minecraft:stone_axe":1,"minecraft:air":0,"minecraft:jungle_planks":12,"minecraft:iron_boots":1,"minecraft:stick":8,"minecraft:iron_ingot":10,"minecraft:iron_pickaxe":1,"minecraft:stone_pickaxe":1,"minecraft:wooden_axe":1,"minecraft:torch":4},"minecraft:picked_up":{"minecraft:birch_log":1,"minecraft:cocoa_beans":2,"minecraft:crafting_table":2,"minecraft:clay_ball":40,"minecraft:jungle_log":3,"minecraft:oak_log":15,"minecraft:lapis_lazuli":30,"minecraft:dirt":13,"minecraft:rose_bush":7,"minecraft:azalea":3,"minecraft:sugar_cane":51,"minecraft:melon_slice":18,"minecraft:flowering_azalea":1,"minecraft:furnace":1,"minecraft:stick":10,"minecraft:raw_iron":16,"minecraft:sandstone":17,"minecraft:sand":4,"minecraft:diorite":5,"minecraft:diamond":4,"minecraft:granite":39,"minecraft:saddle":1,"minecraft:coal":14,"minecraft:cobblestone":70},"minecraft:killed_by":{"minecraft:creeper":1}},"DataVersion":3465}