{"stats":{"minecraft:custom":{"minecraft:jump":6,"minecraft:time_since_rest":31906,"minecraft:walk_one_cm":12999,"minecraft:leave_game":4,"minecraft:play_time":31906,"minecraft:time_since_death":31906,"minecraft:total_world_time":31906,"minecraft:fly_one_cm":27},"minecraft:picked_up":{"minecraft:stick":2,"minecraft:spruce_sapling":1,"minecraft:chicken":1,"minecraft:spruce_log":7,"cobblemon:poke_ball":16,"cobblemon:red_apricorn":4},"minecraft:mined":{"minecraft:spruce_leaves":6,"minecraft:spruce_log":7}},"DataVersion":3465}