{"stats":{"minecraft:mined":{"minecraft:grass":4,"minecraft:dead_bush":2,"minecraft:cherry_log":1,"minecraft:bamboo":6,"minecraft:sugar_cane":5,"minecraft:fern":1},"minecraft:custom":{"minecraft:time_since_rest":4649,"minecraft:crouch_one_cm":84,"minecraft:sprint_one_cm":19625,"minecraft:play_time":8548,"minecraft:deaths":2,"minecraft:damage_taken":540,"minecraft:walk_one_cm":21187,"minecraft:sneak_time":25,"minecraft:jump":235,"minecraft:leave_game":3,"minecraft:time_since_death":4140,"minecraft:total_world_time":8548,"minecraft:fall_one_cm":3644,"minecraft:fly_one_cm":53680},"minecraft:picked_up":{"minecraft:stick":1,"minecraft:arrow":1,"minecraft:wheat_seeds":1,"minecraft:cherry_log":1,"minecraft:bamboo":72,"minecraft:sugar_cane":9}},"DataVersion":3465}