{"stats":{"minecraft:custom":{"minecraft:mob_kills":164,"minecraft:interact_with_crafting_table":18,"minecraft:damage_dealt_resisted":0,"minecraft:leave_game":6,"minecraft:time_since_death":17991,"minecraft:climb_one_cm":2638,"minecraft:damage_resisted":0,"minecraft:sprint_one_cm":779922,"minecraft:walk_one_cm":617758,"minecraft:damage_blocked_by_shield":1748,"minecraft:drop":123,"minecraft:talked_to_villager":2,"minecraft:raid_win":1,"minecraft:play_time":259108,"minecraft:deaths":45,"minecraft:sneak_time":2330,"minecraft:walk_under_water_one_cm":37546,"minecraft:boat_one_cm":86805,"minecraft:jump":8015,"minecraft:interact_with_blast_furnace":1,"minecraft:walk_on_water_one_cm":32972,"minecraft:total_world_time":259108,"minecraft:sleep_in_bed":5,"minecraft:time_since_rest":18020,"minecraft:damage_taken":18064,"minecraft:damage_absorbed":170,"minecraft:trigger_trapped_chest":12,"minecraft:damage_dealt":22937,"minecraft:player_kills":1,"minecraft:swim_one_cm":187846,"minecraft:fly_one_cm":1732639,"minecraft:open_chest":52,"minecraft:crouch_one_cm":4933,"minecraft:fall_one_cm":284405},"minecraft:mined":{"minecraft:stone_pressure_plate":1,"minecraft:white_bed":11,"minecraft:sculk_vein":2,"minecraft:cherry_log":19,"minecraft:red_sand":4,"minecraft:acacia_log":53,"minecraft:grass_block":13,"minecraft:jungle_log":10,"minecraft:kelp":6,"minecraft:sandstone":7,"minecraft:spawner":1,"minecraft:tall_seagrass":4,"minecraft:hay_block":109,"minecraft:magma_block":3,"minecraft:iron_ore":12,"minecraft:chiseled_sandstone":1,"minecraft:deepslate_lapis_ore":7,"minecraft:gold_block":2,"minecraft:bookshelf":15,"minecraft:vine":2,"minecraft:deepslate_iron_ore":2,"minecraft:smooth_sandstone_stairs":1,"minecraft:azalea_leaves":1,"minecraft:stone":47,"minecraft:spruce_slab":4,"minecraft:cut_sandstone":7,"minecraft:kelp_plant":1,"minecraft:potted_lily_of_the_valley":3,"minecraft:orange_terracotta":4,"minecraft:dandelion":2,"minecraft:powder_snow":49,"minecraft:spruce_door":1,"minecraft:smooth_sandstone":3,"minecraft:crafting_table":9,"minecraft:blast_furnace":1,"minecraft:melon":24,"minecraft:chest":1,"minecraft:dead_bush":10,"minecraft:tall_grass":32,"minecraft:deepslate_gold_ore":2,"minecraft:sugar_cane":3,"minecraft:wall_torch":1,"minecraft:sculk":15,"minecraft:pink_petals":5,"minecraft:seagrass":5,"minecraft:birch_log":6,"minecraft:wheat":1,"minecraft:tnt":25,"minecraft:stone_brick_stairs":2,"minecraft:grass":225,"minecraft:oak_log":44,"minecraft:coal_ore":46,"minecraft:cocoa":3,"minecraft:flower_pot":1,"minecraft:dirt":7,"minecraft:cobweb":2,"minecraft:terracotta":2,"minecraft:stone_bricks":1,"minecraft:netherrack":19,"minecraft:oak_leaves":11,"minecraft:deepslate":1,"minecraft:fern":4},"minecraft:picked_up":{"minecraft:wooden_axe":10,"minecraft:crafting_table":16,"minecraft:iron_chestplate":1,"minecraft:chicken":2,"minecraft:flower_pot":2,"minecraft:golden_pickaxe":2,"minecraft:wooden_pickaxe":15,"minecraft:potion":3,"minecraft:gold_block":28,"minecraft:enchanted_book":87,"minecraft:stone_brick_stairs":6,"minecraft:shield":3,"minecraft:string":7,"minecraft:iron_axe":22,"minecraft:iron_leggings":21,"minecraft:item_frame":1,"minecraft:red_sand":4,"minecraft:bucket":7,"minecraft:beef":233,"minecraft:oak_boat":6,"minecraft:azalea":5,"minecraft:poppy":9,"minecraft:iron_pickaxe":30,"minecraft:spruce_slab":4,"minecraft:sugar_cane":4,"minecraft:melon_slice":520,"minecraft:chest":3,"minecraft:spruce_trapdoor":7,"minecraft:iron_boots":15,"minecraft:stick":45,"minecraft:raw_iron":80,"minecraft:sandstone":3,"apotheosis:gem":39,"minecraft:torch":130,"minecraft:acacia_log":32,"minecraft:porkchop":236,"minecraft:golden_axe":2,"minecraft:cherry_log":19,"minecraft:trident":16,"minecraft:tnt":62,"minecraft:arrow":13,"minecraft:rotten_flesh":10,"minecraft:hay_block":1716,"minecraft:totem_of_undying":3,"minecraft:saddle":29,"minecraft:gold_ingot":70,"minecraft:obsidian":56,"minecraft:glow_berries":22,"minecraft:mutton":357,"minecraft:rail":2,"minecraft:white_wool":93,"minecraft:cobblestone":14,"minecraft:pink_petals":3,"minecraft:magma_block":3,"minecraft:dune_armor_trim_smithing_template":8,"minecraft:cooked_beef":41,"minecraft:golden_carrot":22,"minecraft:brown_wool":1,"minecraft:cut_sandstone":2,"minecraft:leather":214,"minecraft:filled_map":8,"minecraft:oak_log":78,"minecraft:chainmail_chestplate":15,"minecraft:gunpowder":1,"minecraft:acacia_boat":12,"minecraft:lapis_lazuli":130,"minecraft:dirt":560,"minecraft:white_banner":1,"minecraft:name_tag":3,"minecraft:orange_terracotta":3,"minecraft:bone":11,"minecraft:acacia_planks":337,"minecraft:kelp":4,"minecraft:wheat_seeds":54,"minecraft:raw_gold":9,"minecraft:iron_ingot":301,"minecraft:stone_pickaxe":1,"minecraft:acacia_sapling":12,"minecraft:iron_sword":18,"minecraft:oak_planks":154,"minecraft:flowering_azalea":3,"minecraft:book":288,"minecraft:dandelion":1,"minecraft:blast_furnace":1,"minecraft:white_bed":23,"minecraft:lily_of_the_valley":1,"minecraft:trapped_chest":1,"minecraft:spider_eye":7,"minecraft:sugar":2,"minecraft:diamond":42,"minecraft:stone_axe":18,"minecraft:iron_helmet":2,"minecraft:crossbow":2,"minecraft:cherry_sapling":13,"minecraft:golden_apple":4,"minecraft:gray_wool":3,"minecraft:bread":33,"minecraft:emerald":135,"minecraft:terracotta":4,"minecraft:oak_sapling":16,"minecraft:netherrack":9,"minecraft:coal":197},"minecraft:crafted":{"minecraft:cherry_planks":12,"minecraft:oak_planks":148,"minecraft:iron_axe":1,"minecraft:stone_pickaxe":1,"minecraft:chest":1,"minecraft:crafting_table":6,"minecraft:wooden_pickaxe":2,"minecraft:iron_sword":1,"minecraft:stone_axe":1,"minecraft:acacia_boat":1,"minecraft:oak_boat":1,"minecraft:wooden_hoe":1,"minecraft:shield":1,"minecraft:stick":20,"minecraft:iron_pickaxe":1,"minecraft:wooden_axe":5,"minecraft:white_bed":2,"minecraft:acacia_planks":128},"minecraft:killed_by":{"minecraft:evoker":1,"minecraft:husk":1,"minecraft:player":1,"minecraft:iron_golem":1,"minecraft:ravager":1,"minecraft:vindicator":17,"minecraft:skeleton":7,"minecraft:zombie":1,"minecraft:vex":13},"minecraft:used":{"minecraft:trident":83,"minecraft:red_sand":3,"minecraft:chest":1,"minecraft:shield":26,"minecraft:iron_sword":300,"minecraft:torch":8,"minecraft:dirt":11,"minecraft:mutton":24,"minecraft:wooden_axe":183,"minecraft:iron_axe":237,"minecraft:totem_of_undying":1,"minecraft:golden_carrot":11,"minecraft:beef":32,"minecraft:oak_sapling":5,"minecraft:iron_leggings":2,"minecraft:cooked_beef":9,"minecraft:orange_terracotta":2,"minecraft:acacia_planks":69,"minecraft:golden_axe":24,"minecraft:acacia_boat":1,"minecraft:stone_pickaxe":13,"minecraft:oak_planks":93,"minecraft:sandstone":1,"minecraft:wooden_pickaxe":8,"minecraft:golden_apple":4,"minecraft:glow_berries":17,"minecraft:white_wool":1,"minecraft:terracotta":2,"minecraft:tnt":6,"minecraft:crafting_table":15,"minecraft:white_bed":12,"minecraft:oak_log":2,"minecraft:wooden_hoe":65,"minecraft:bread":29,"minecraft:melon_slice":9,"minecraft:iron_pickaxe":186,"minecraft:stone_axe":93,"minecraft:porkchop":26,"minecraft:oak_boat":7,"minecraft:golden_pickaxe":62},"minecraft:broken":{"minecraft:golden_axe":1,"minecraft:iron_sword":1,"minecraft:iron_helmet":1,"minecraft:wooden_axe":2,"minecraft:wooden_hoe":1},"minecraft:killed":{"minecraft:evoker":1,"minecraft:witch":2,"minecraft:spider":3,"minecraft:horse":1,"minecraft:skeleton":6,"minecraft:bee":2,"minecraft:chicken":4,"minecraft:husk":2,"minecraft:pig":26,"minecraft:iron_golem":1,"minecraft:ravager":2,"minecraft:creeper":1,"minecraft:sheep":63,"minecraft:pillager":7,"minecraft:zombie":8,"minecraft:cow":33},"minecraft:dropped":{"minecraft:acacia_boat":1,"minecraft:enchanted_book":3,"minecraft:iron_ingot":7,"minecraft:iron_sword":1,"minecraft:porkchop":1,"minecraft:wheat_seeds":17,"minecraft:cooked_beef":32,"minecraft:iron_helmet":1,"minecraft:apple":7,"minecraft:stick":3,"minecraft:dirt":4,"minecraft:gray_wool":1,"minecraft:torch":1,"minecraft:mutton":3,"minecraft:melon_slice":64,"minecraft:brown_wool":1,"minecraft:cherry_planks":6,"minecraft:iron_leggings":4,"minecraft:flowering_azalea":1,"minecraft:iron_axe":2,"minecraft:iron_pickaxe":1,"minecraft:string":4,"minecraft:pink_petals":3,"minecraft:trapped_chest":1,"minecraft:white_wool":29,"minecraft:acacia_planks":6,"minecraft:dandelion":1,"minecraft:bone":1,"minecraft:kelp":4,"minecraft:cherry_sapling":13,"minecraft:rotten_flesh":4,"minecraft:oak_planks":8,"minecraft:iron_boots":2,"minecraft:name_tag":1,"minecraft:white_bed":1,"minecraft:poppy":2,"minecraft:flower_pot":1,"minecraft:orange_terracotta":1,"minecraft:chest":1,"apotheosis:gem":3,"minecraft:azalea":5,"minecraft:oak_sapling":1,"minecraft:acacia_sapling":3,"minecraft:spider_eye":3,"minecraft:red_sand":1,"minecraft:arrow":6,"minecraft:raw_gold":9,"minecraft:magma_block":3,"minecraft:stone_brick_stairs":2,"minecraft:netherrack":3}},"DataVersion":3465}