{"stats":{"minecraft:mined":{"minecraft:cut_sandstone":7,"minecraft:stone_pressure_plate":1,"minecraft:white_bed":2,"minecraft:potted_lily_of_the_valley":1,"minecraft:sculk_vein":2,"minecraft:orange_terracotta":4,"minecraft:crafting_table":1,"minecraft:red_sand":4,"minecraft:melon":3,"minecraft:dead_bush":8,"minecraft:tall_grass":8,"minecraft:sugar_cane":1,"minecraft:sculk":15,"minecraft:sandstone":7,"minecraft:spawner":1,"minecraft:magma_block":3,"minecraft:iron_ore":3,"minecraft:chiseled_sandstone":1,"minecraft:tnt":13,"minecraft:grass":17,"minecraft:bookshelf":4,"minecraft:oak_log":31,"minecraft:coal_ore":22,"minecraft:cobweb":2,"minecraft:terracotta":2,"minecraft:azalea_leaves":1,"minecraft:stone":18,"minecraft:netherrack":19,"minecraft:oak_leaves":5,"minecraft:fern":2},"minecraft:dropped":{"minecraft:wheat_seeds":2,"minecraft:orange_terracotta":1,"apotheosis:gem":1,"minecraft:oak_sapling":1,"minecraft:azalea":5,"minecraft:flowering_azalea":1,"minecraft:red_sand":1,"minecraft:magma_block":3,"minecraft:string":2},"minecraft:used":{"minecraft:red_sand":3,"minecraft:oak_planks":53,"minecraft:sandstone":1,"minecraft:iron_sword":72,"minecraft:torch":4,"minecraft:golden_apple":2,"minecraft:glow_berries":17,"minecraft:terracotta":2,"minecraft:crafting_table":3,"minecraft:white_bed":2,"minecraft:wooden_axe":42,"minecraft:iron_pickaxe":87,"minecraft:golden_carrot":11,"minecraft:oak_sapling":5,"minecraft:porkchop":10,"minecraft:golden_pickaxe":59,"minecraft:oak_boat":1,"minecraft:orange_terracotta":2,"minecraft:golden_axe":24},"minecraft:broken":{"minecraft:golden_axe":1,"minecraft:wooden_axe":1},"minecraft:killed":{"minecraft:husk":2,"minecraft:pig":6,"minecraft:spider":2,"minecraft:creeper":1,"minecraft:sheep":16,"minecraft:zombie":1,"minecraft:cow":8},"minecraft:custom":{"minecraft:mob_kills":36,"minecraft:interact_with_crafting_table":4,"minecraft:damage_dealt_resisted":0,"minecraft:leave_game":3,"minecraft:time_since_death":63584,"minecraft:sleep_in_bed":2,"minecraft:climb_one_cm":1014,"minecraft:time_since_rest":10072,"minecraft:sprint_one_cm":257485,"minecraft:damage_absorbed":40,"minecraft:damage_taken":1484,"minecraft:walk_one_cm":136334,"minecraft:trigger_trapped_chest":2,"minecraft:drop":14,"minecraft:damage_dealt":4115,"minecraft:swim_one_cm":90553,"minecraft:fly_one_cm":482291,"minecraft:open_chest":12,"minecraft:crouch_one_cm":279,"minecraft:play_time":78431,"minecraft:deaths":2,"minecraft:sneak_time":423,"minecraft:walk_under_water_one_cm":18128,"minecraft:boat_one_cm":34290,"minecraft:jump":2192,"minecraft:walk_on_water_one_cm":13671,"minecraft:total_world_time":78431,"minecraft:fall_one_cm":77714},"minecraft:crafted":{"minecraft:oak_planks":124,"minecraft:crafting_table":2,"minecraft:iron_sword":1,"minecraft:oak_boat":1,"minecraft:stick":4,"minecraft:iron_pickaxe":1,"minecraft:wooden_axe":1,"minecraft:white_bed":1},"minecraft:picked_up":{"minecraft:wooden_axe":2,"minecraft:crafting_table":3,"minecraft:magma_block":3,"minecraft:golden_carrot":22,"minecraft:golden_pickaxe":2,"minecraft:cut_sandstone":2,"minecraft:leather":6,"minecraft:stone_brick_stairs":4,"minecraft:oak_log":65,"minecraft:gunpowder":1,"minecraft:lapis_lazuli":18,"minecraft:string":5,"minecraft:name_tag":1,"minecraft:orange_terracotta":3,"minecraft:iron_leggings":2,"minecraft:item_frame":1,"minecraft:wheat_seeds":4,"minecraft:red_sand":4,"minecraft:iron_ingot":10,"minecraft:beef":17,"minecraft:azalea":5,"minecraft:oak_planks":6,"minecraft:flowering_azalea":3,"minecraft:spruce_trapdoor":7,"minecraft:book":12,"minecraft:stick":27,"minecraft:raw_iron":8,"minecraft:sandstone":3,"apotheosis:gem":9,"minecraft:torch":31,"minecraft:porkchop":13,"minecraft:golden_axe":2,"minecraft:white_bed":2,"minecraft:spider_eye":2,"minecraft:tnt":12,"minecraft:saddle":1,"minecraft:bread":6,"minecraft:terracotta":4,"minecraft:oak_sapling":16,"minecraft:netherrack":3,"minecraft:glow_berries":22,"minecraft:mutton":24,"minecraft:white_wool":16,"minecraft:coal":47,"minecraft:rail":2,"minecraft:cobblestone":8},"minecraft:killed_by":{"minecraft:skeleton":1}},"DataVersion":3465}