{"stats":{"minecraft:mined":{"minecraft:stone_pressure_plate":1,"minecraft:white_bed":9,"minecraft:sculk_vein":2,"minecraft:red_sand":4,"minecraft:grass_block":2,"minecraft:sandstone":7,"minecraft:spawner":1,"minecraft:magma_block":3,"minecraft:iron_ore":5,"minecraft:chiseled_sandstone":1,"minecraft:deepslate_lapis_ore":7,"minecraft:bookshelf":5,"minecraft:deepslate_iron_ore":2,"minecraft:azalea_leaves":1,"minecraft:stone":29,"minecraft:cut_sandstone":7,"minecraft:potted_lily_of_the_valley":1,"minecraft:orange_terracotta":4,"minecraft:crafting_table":1,"minecraft:melon":3,"minecraft:dead_bush":8,"minecraft:tall_grass":12,"minecraft:deepslate_gold_ore":2,"minecraft:sugar_cane":1,"minecraft:sculk":15,"minecraft:pink_petals":2,"minecraft:tnt":15,"minecraft:grass":65,"minecraft:coal_ore":46,"minecraft:oak_log":31,"minecraft:dirt":1,"minecraft:cobweb":2,"minecraft:terracotta":2,"minecraft:netherrack":19,"minecraft:oak_leaves":5,"minecraft:deepslate":1,"minecraft:fern":2},"minecraft:dropped":{"minecraft:enchanted_book":1,"minecraft:wheat_seeds":3,"minecraft:cooked_beef":32,"minecraft:dirt":4,"minecraft:gray_wool":1,"minecraft:iron_leggings":4,"minecraft:flowering_azalea":1,"minecraft:iron_axe":1,"minecraft:string":4,"minecraft:white_wool":21,"minecraft:bone":1,"minecraft:name_tag":1,"minecraft:white_bed":1,"minecraft:orange_terracotta":1,"apotheosis:gem":2,"minecraft:azalea":5,"minecraft:oak_sapling":1,"minecraft:arrow":3,"minecraft:red_sand":1,"minecraft:magma_block":3,"minecraft:netherrack":3},"minecraft:used":{"minecraft:red_sand":3,"minecraft:shield":22,"minecraft:iron_sword":231,"minecraft:torch":8,"minecraft:wooden_axe":42,"minecraft:golden_carrot":11,"minecraft:oak_sapling":5,"minecraft:cooked_beef":8,"minecraft:orange_terracotta":2,"minecraft:golden_axe":24,"minecraft:oak_planks":93,"minecraft:sandstone":1,"minecraft:golden_apple":3,"minecraft:glow_berries":17,"minecraft:terracotta":2,"minecraft:crafting_table":4,"minecraft:white_bed":9,"minecraft:bread":3,"minecraft:iron_pickaxe":138,"minecraft:porkchop":20,"minecraft:oak_boat":2,"minecraft:golden_pickaxe":59},"minecraft:broken":{"minecraft:golden_axe":1,"minecraft:wooden_axe":1},"minecraft:killed":{"minecraft:spider":3,"minecraft:skeleton":3,"minecraft:chicken":1,"minecraft:husk":2,"minecraft:pig":12,"minecraft:iron_golem":1,"minecraft:creeper":1,"minecraft:sheep":27,"minecraft:zombie":7,"minecraft:cow":13},"minecraft:custom":{"minecraft:mob_kills":70,"minecraft:interact_with_crafting_table":5,"minecraft:damage_dealt_resisted":0,"minecraft:leave_game":3,"minecraft:time_since_death":20447,"minecraft:climb_one_cm":1014,"minecraft:damage_resisted":0,"minecraft:sprint_one_cm":366702,"minecraft:walk_one_cm":235700,"minecraft:damage_blocked_by_shield":1568,"minecraft:drop":67,"minecraft:play_time":120431,"minecraft:deaths":4,"minecraft:sneak_time":544,"minecraft:walk_under_water_one_cm":22491,"minecraft:boat_one_cm":34695,"minecraft:jump":3650,"minecraft:walk_on_water_one_cm":21526,"minecraft:total_world_time":120431,"minecraft:sleep_in_bed":5,"minecraft:time_since_rest":20467,"minecraft:damage_taken":3040,"minecraft:damage_absorbed":50,"minecraft:trigger_trapped_chest":3,"minecraft:damage_dealt":9471,"minecraft:swim_one_cm":114764,"minecraft:fly_one_cm":770682,"minecraft:open_chest":12,"minecraft:crouch_one_cm":551,"minecraft:fall_one_cm":133919},"minecraft:crafted":{"minecraft:oak_planks":124,"minecraft:crafting_table":3,"minecraft:iron_sword":1,"minecraft:oak_boat":1,"minecraft:shield":1,"minecraft:stick":4,"minecraft:iron_pickaxe":1,"minecraft:wooden_axe":1,"minecraft:white_bed":1},"minecraft:picked_up":{"minecraft:wooden_axe":2,"minecraft:crafting_table":3,"minecraft:iron_chestplate":1,"minecraft:golden_pickaxe":2,"minecraft:enchanted_book":17,"minecraft:stone_brick_stairs":4,"minecraft:string":7,"minecraft:iron_axe":1,"minecraft:iron_leggings":8,"minecraft:item_frame":1,"minecraft:red_sand":4,"minecraft:beef":77,"minecraft:oak_boat":2,"minecraft:azalea":5,"minecraft:poppy":1,"minecraft:iron_pickaxe":2,"minecraft:spruce_trapdoor":7,"minecraft:iron_boots":2,"apotheosis:gem":20,"minecraft:raw_iron":30,"minecraft:stick":27,"minecraft:sandstone":3,"minecraft:torch":128,"minecraft:porkchop":28,"minecraft:golden_axe":2,"minecraft:tnt":42,"minecraft:arrow":6,"minecraft:saddle":3,"minecraft:glow_berries":22,"minecraft:mutton":128,"minecraft:rail":2,"minecraft:white_wool":67,"minecraft:cobblestone":8,"minecraft:magma_block":3,"minecraft:dune_armor_trim_smithing_template":8,"minecraft:cooked_beef":41,"minecraft:golden_carrot":22,"minecraft:leather":14,"minecraft:cut_sandstone":2,"minecraft:oak_log":65,"minecraft:gunpowder":1,"minecraft:lapis_lazuli":130,"minecraft:dirt":4,"minecraft:name_tag":3,"minecraft:orange_terracotta":3,"minecraft:bone":1,"minecraft:wheat_seeds":5,"minecraft:raw_gold":9,"minecraft:iron_ingot":35,"minecraft:oak_planks":142,"minecraft:iron_sword":2,"minecraft:flowering_azalea":3,"minecraft:book":45,"minecraft:white_bed":10,"minecraft:spider_eye":2,"minecraft:diamond":16,"minecraft:crossbow":2,"minecraft:golden_apple":4,"minecraft:gray_wool":3,"minecraft:bread":6,"minecraft:terracotta":4,"minecraft:oak_sapling":16,"minecraft:coal":197,"minecraft:netherrack":9},"minecraft:killed_by":{"minecraft:skeleton":3}},"DataVersion":3465}