{"stats":{"minecraft:mined":{"minecraft:stone_pressure_plate":1,"minecraft:white_bed":11,"minecraft:sculk_vein":2,"minecraft:cherry_log":19,"minecraft:red_sand":4,"minecraft:acacia_log":53,"minecraft:grass_block":11,"minecraft:kelp":6,"minecraft:sandstone":7,"minecraft:spawner":1,"minecraft:hay_block":108,"minecraft:tall_seagrass":4,"minecraft:magma_block":3,"minecraft:iron_ore":12,"minecraft:chiseled_sandstone":1,"minecraft:deepslate_lapis_ore":7,"minecraft:gold_block":2,"minecraft:bookshelf":13,"minecraft:deepslate_iron_ore":2,"minecraft:smooth_sandstone_stairs":1,"minecraft:azalea_leaves":1,"minecraft:stone":45,"minecraft:spruce_slab":4,"minecraft:cut_sandstone":7,"minecraft:kelp_plant":1,"minecraft:potted_lily_of_the_valley":3,"minecraft:orange_terracotta":4,"minecraft:spruce_door":1,"minecraft:dandelion":2,"minecraft:powder_snow":49,"minecraft:smooth_sandstone":3,"minecraft:crafting_table":9,"minecraft:blast_furnace":1,"minecraft:melon":24,"minecraft:chest":1,"minecraft:dead_bush":10,"minecraft:tall_grass":28,"minecraft:deepslate_gold_ore":2,"minecraft:sugar_cane":1,"minecraft:sculk":15,"minecraft:pink_petals":5,"minecraft:seagrass":5,"minecraft:birch_log":6,"minecraft:wheat":1,"minecraft:stone_brick_stairs":2,"minecraft:tnt":23,"minecraft:grass":195,"minecraft:oak_log":44,"minecraft:coal_ore":46,"minecraft:flower_pot":1,"minecraft:dirt":6,"minecraft:cobweb":2,"minecraft:terracotta":2,"minecraft:stone_bricks":1,"minecraft:netherrack":19,"minecraft:oak_leaves":7,"minecraft:deepslate":1,"minecraft:fern":3},"minecraft:dropped":{"minecraft:enchanted_book":3,"minecraft:iron_ingot":7,"minecraft:iron_sword":1,"minecraft:wheat_seeds":13,"minecraft:cooked_beef":32,"minecraft:iron_helmet":1,"minecraft:apple":7,"minecraft:stick":3,"minecraft:dirt":4,"minecraft:gray_wool":1,"minecraft:mutton":3,"minecraft:brown_wool":1,"minecraft:cherry_planks":6,"minecraft:iron_leggings":4,"minecraft:flowering_azalea":1,"minecraft:iron_axe":1,"minecraft:iron_pickaxe":1,"minecraft:string":4,"minecraft:trapped_chest":1,"minecraft:pink_petals":3,"minecraft:white_wool":28,"minecraft:acacia_planks":6,"minecraft:dandelion":1,"minecraft:bone":1,"minecraft:kelp":4,"minecraft:cherry_sapling":13,"minecraft:rotten_flesh":2,"minecraft:oak_planks":4,"minecraft:iron_boots":2,"minecraft:name_tag":1,"minecraft:white_bed":1,"minecraft:flower_pot":1,"minecraft:orange_terracotta":1,"minecraft:acacia_sapling":3,"apotheosis:gem":2,"minecraft:oak_sapling":1,"minecraft:azalea":5,"minecraft:arrow":6,"minecraft:red_sand":1,"minecraft:raw_gold":9,"minecraft:magma_block":3,"minecraft:stone_brick_stairs":2,"minecraft:netherrack":3},"minecraft:used":{"minecraft:trident":61,"minecraft:red_sand":3,"minecraft:chest":1,"minecraft:shield":26,"minecraft:iron_sword":276,"minecraft:torch":8,"minecraft:dirt":4,"minecraft:mutton":11,"minecraft:wooden_axe":183,"minecraft:iron_axe":147,"minecraft:golden_carrot":11,"minecraft:beef":29,"minecraft:oak_sapling":5,"minecraft:cooked_beef":9,"minecraft:acacia_planks":69,"minecraft:orange_terracotta":2,"minecraft:golden_axe":24,"minecraft:acacia_boat":1,"minecraft:stone_pickaxe":13,"minecraft:oak_planks":93,"minecraft:wooden_pickaxe":8,"minecraft:sandstone":1,"minecraft:white_wool":1,"minecraft:golden_apple":4,"minecraft:glow_berries":17,"minecraft:terracotta":2,"minecraft:crafting_table":15,"minecraft:white_bed":12,"minecraft:oak_log":2,"minecraft:wooden_hoe":65,"minecraft:melon_slice":9,"minecraft:bread":19,"minecraft:iron_pickaxe":184,"minecraft:stone_axe":89,"minecraft:porkchop":21,"minecraft:oak_boat":7,"minecraft:golden_pickaxe":62},"minecraft:broken":{"minecraft:golden_axe":1,"minecraft:iron_sword":1,"minecraft:iron_helmet":1,"minecraft:wooden_axe":2,"minecraft:wooden_hoe":1},"minecraft:killed":{"minecraft:spider":3,"minecraft:skeleton":5,"minecraft:bee":2,"minecraft:chicken":4,"minecraft:husk":2,"minecraft:pig":25,"minecraft:iron_golem":1,"minecraft:creeper":1,"minecraft:sheep":56,"minecraft:pillager":2,"minecraft:zombie":8,"minecraft:cow":28},"minecraft:custom":{"minecraft:mob_kills":138,"minecraft:interact_with_crafting_table":18,"minecraft:damage_dealt_resisted":0,"minecraft:leave_game":5,"minecraft:time_since_death":1448,"minecraft:climb_one_cm":1472,"minecraft:damage_resisted":0,"minecraft:sprint_one_cm":631290,"minecraft:walk_one_cm":471578,"minecraft:damage_blocked_by_shield":1748,"minecraft:drop":110,"minecraft:talked_to_villager":2,"minecraft:play_time":213926,"minecraft:deaths":11,"minecraft:sneak_time":1601,"minecraft:walk_under_water_one_cm":36326,"minecraft:boat_one_cm":86805,"minecraft:jump":6642,"minecraft:interact_with_blast_furnace":1,"minecraft:walk_on_water_one_cm":32016,"minecraft:total_world_time":213926,"minecraft:sleep_in_bed":5,"minecraft:time_since_rest":1471,"minecraft:damage_taken":6456,"minecraft:damage_absorbed":90,"minecraft:trigger_trapped_chest":11,"minecraft:damage_dealt":16914,"minecraft:player_kills":1,"minecraft:swim_one_cm":185192,"minecraft:fly_one_cm":1431377,"minecraft:open_chest":40,"minecraft:crouch_one_cm":2961,"minecraft:fall_one_cm":240793},"minecraft:crafted":{"minecraft:cherry_planks":12,"minecraft:oak_planks":148,"minecraft:iron_axe":1,"minecraft:stone_pickaxe":1,"minecraft:chest":1,"minecraft:crafting_table":6,"minecraft:wooden_pickaxe":2,"minecraft:iron_sword":1,"minecraft:stone_axe":1,"minecraft:acacia_boat":1,"minecraft:oak_boat":1,"minecraft:wooden_hoe":1,"minecraft:shield":1,"minecraft:stick":20,"minecraft:iron_pickaxe":1,"minecraft:wooden_axe":5,"minecraft:white_bed":2,"minecraft:acacia_planks":128},"minecraft:picked_up":{"minecraft:wooden_axe":10,"minecraft:crafting_table":16,"minecraft:iron_chestplate":1,"minecraft:flower_pot":2,"minecraft:chicken":2,"minecraft:golden_pickaxe":2,"minecraft:wooden_pickaxe":3,"minecraft:gold_block":4,"minecraft:enchanted_book":24,"minecraft:stone_brick_stairs":6,"minecraft:string":7,"minecraft:iron_axe":2,"minecraft:iron_leggings":9,"minecraft:item_frame":1,"minecraft:red_sand":4,"minecraft:bucket":1,"minecraft:beef":144,"minecraft:oak_boat":6,"minecraft:azalea":5,"minecraft:poppy":1,"minecraft:iron_pickaxe":5,"minecraft:spruce_slab":4,"minecraft:melon_slice":195,"minecraft:chest":2,"minecraft:spruce_trapdoor":7,"minecraft:iron_boots":6,"apotheosis:gem":22,"minecraft:stick":38,"minecraft:raw_iron":40,"minecraft:sandstone":3,"minecraft:torch":129,"minecraft:acacia_log":32,"minecraft:porkchop":71,"minecraft:golden_axe":2,"minecraft:cherry_log":19,"minecraft:trident":1,"minecraft:tnt":56,"minecraft:arrow":13,"minecraft:rotten_flesh":2,"minecraft:hay_block":216,"minecraft:saddle":4,"minecraft:gold_ingot":7,"minecraft:obsidian":4,"minecraft:mutton":194,"minecraft:glow_berries":22,"minecraft:rail":2,"minecraft:white_wool":92,"minecraft:cobblestone":14,"minecraft:pink_petals":3,"minecraft:magma_block":3,"minecraft:dune_armor_trim_smithing_template":8,"minecraft:cooked_beef":41,"minecraft:golden_carrot":22,"minecraft:brown_wool":1,"minecraft:cut_sandstone":2,"minecraft:leather":78,"minecraft:filled_map":1,"minecraft:chainmail_chestplate":1,"minecraft:oak_log":78,"minecraft:acacia_boat":2,"minecraft:gunpowder":1,"minecraft:lapis_lazuli":130,"minecraft:dirt":17,"minecraft:name_tag":3,"minecraft:orange_terracotta":3,"minecraft:bone":11,"minecraft:acacia_planks":337,"minecraft:kelp":4,"minecraft:wheat_seeds":23,"minecraft:raw_gold":9,"minecraft:iron_ingot":54,"minecraft:stone_pickaxe":1,"minecraft:acacia_sapling":12,"minecraft:iron_sword":4,"minecraft:oak_planks":150,"minecraft:flowering_azalea":3,"minecraft:book":84,"minecraft:dandelion":1,"minecraft:blast_furnace":1,"minecraft:trapped_chest":1,"minecraft:white_bed":12,"minecraft:lily_of_the_valley":1,"minecraft:spider_eye":2,"minecraft:stone_axe":5,"minecraft:diamond":18,"minecraft:iron_helmet":2,"minecraft:crossbow":2,"minecraft:cherry_sapling":13,"minecraft:golden_apple":4,"minecraft:gray_wool":3,"minecraft:emerald":8,"minecraft:bread":16,"minecraft:terracotta":4,"minecraft:oak_sapling":16,"minecraft:netherrack":9,"minecraft:coal":197},"minecraft:killed_by":{"minecraft:husk":1,"minecraft:skeleton":7,"minecraft:zombie":1}},"DataVersion":3465}