{"stats":{"minecraft:killed":{"minecraft:sheep":8,"minecraft:zombie":1,"cobblemon:pokemon":7,"minecraft:rabbit":1},"minecraft:dropped":{"minecraft:dirt":4,"minecraft:wheat_seeds":1,"minecraft:rotten_flesh":1},"minecraft:killed_by":{"cobblemon:pokemon":5},"minecraft:used":{"minecraft:wooden_axe":68,"minecraft:rotten_flesh":2,"minecraft:wooden_sword":48,"minecraft:mutton":6,"minecraft:crafting_table":1,"minecraft:carrot":7,"minecraft:potato":20},"minecraft:crafted":{"minecraft:wooden_sword":1,"minecraft:crafting_table":1,"minecraft:stick":8,"minecraft:spruce_planks":20,"minecraft:wooden_pickaxe":1,"minecraft:wooden_axe":2},"minecraft:custom":{"minecraft:time_since_rest":17312,"minecraft:sprint_one_cm":97252,"minecraft:damage_taken":1484,"minecraft:walk_one_cm":76515,"minecraft:mob_kills":18,"minecraft:drop":6,"minecraft:damage_dealt":3078,"minecraft:swim_one_cm":4225,"minecraft:interact_with_crafting_table":2,"minecraft:fly_one_cm":210536,"minecraft:open_chest":1,"minecraft:crouch_one_cm":310,"minecraft:play_time":30465,"minecraft:deaths":5,"minecraft:sneak_time":66,"minecraft:walk_under_water_one_cm":873,"minecraft:jump":806,"minecraft:walk_on_water_one_cm":1813,"minecraft:time_since_death":17283,"minecraft:sleep_in_bed":1,"minecraft:total_world_time":30465,"minecraft:fall_one_cm":23657},"minecraft:picked_up":{"minecraft:wooden_axe":6,"minecraft:wheat":2,"minecraft:stick":12,"minecraft:air":0,"minecraft:clay_ball":1,"cobblemon:red_apricorn":4,"minecraft:potato":56,"cobblemon:cheri_berry":6,"cobblemon:persim_berry":6,"minecraft:spruce_sapling":8,"minecraft:spruce_log":5,"minecraft:carrot":20,"minecraft:dirt":4,"minecraft:wooden_sword":4,"minecraft:arrow":1,"minecraft:bone":1,"minecraft:rotten_flesh":7,"cobblemon:poke_ball":19,"minecraft:wheat_seeds":16,"cobblemon:green_apricorn":3,"minecraft:spruce_planks":4,"minecraft:mutton":12,"cobblemon:green_apricorn_seed":1,"minecraft:white_wool":8},"minecraft:mined":{"minecraft:carrots":2,"minecraft:wheat":2,"minecraft:spruce_log":6,"cobblemon:persim_berry":1,"cobblemon:cheri_berry":1,"cobblemon:apricorn_leaves":13,"minecraft:grass":27,"minecraft:grass_block":3,"minecraft:potatoes":14,"minecraft:dirt":1,"minecraft:spruce_leaves":3},"minecraft:broken":{"minecraft:wooden_sword":1}},"DataVersion":3465}