{"stats":{"minecraft:killed":{"minecraft:zombie":1,"cobblemon:pokemon":5,"minecraft:rabbit":1},"minecraft:dropped":{"minecraft:wheat_seeds":1,"minecraft:rotten_flesh":1},"minecraft:killed_by":{"cobblemon:pokemon":5},"minecraft:used":{"minecraft:wooden_axe":47,"minecraft:rotten_flesh":2,"minecraft:wooden_sword":29,"minecraft:crafting_table":1,"minecraft:carrot":2},"minecraft:crafted":{"minecraft:wooden_sword":1,"minecraft:crafting_table":1,"minecraft:stick":8,"minecraft:spruce_planks":20,"minecraft:wooden_pickaxe":1,"minecraft:wooden_axe":2},"minecraft:custom":{"minecraft:time_since_rest":5312,"minecraft:sprint_one_cm":53835,"minecraft:damage_taken":1430,"minecraft:walk_one_cm":44221,"minecraft:mob_kills":8,"minecraft:drop":2,"minecraft:damage_dealt":2188,"minecraft:interact_with_crafting_table":2,"minecraft:fly_one_cm":111289,"minecraft:open_chest":1,"minecraft:crouch_one_cm":310,"minecraft:play_time":18465,"minecraft:deaths":5,"minecraft:sneak_time":54,"minecraft:jump":451,"minecraft:walk_on_water_one_cm":46,"minecraft:time_since_death":5283,"minecraft:sleep_in_bed":1,"minecraft:total_world_time":18465,"minecraft:fall_one_cm":13898},"minecraft:picked_up":{"minecraft:wooden_axe":6,"minecraft:wheat":2,"minecraft:stick":12,"minecraft:air":0,"cobblemon:red_apricorn":4,"minecraft:potato":56,"minecraft:spruce_sapling":8,"minecraft:spruce_log":5,"minecraft:carrot":20,"minecraft:wooden_sword":4,"minecraft:arrow":1,"minecraft:bone":1,"minecraft:rotten_flesh":7,"cobblemon:poke_ball":16,"minecraft:wheat_seeds":16,"minecraft:spruce_planks":4},"minecraft:mined":{"minecraft:carrots":2,"minecraft:wheat":2,"minecraft:spruce_log":6,"minecraft:grass":17,"minecraft:potatoes":14,"minecraft:spruce_leaves":3}},"DataVersion":3465}