{"stats":{"minecraft:mined":{"minecraft:stone_pressure_plate":1,"minecraft:white_bed":9,"minecraft:cherry_log":19,"minecraft:sculk_vein":2,"minecraft:red_sand":4,"minecraft:grass_block":4,"minecraft:sandstone":7,"minecraft:spawner":1,"minecraft:magma_block":3,"minecraft:iron_ore":5,"minecraft:chiseled_sandstone":1,"minecraft:deepslate_lapis_ore":7,"minecraft:bookshelf":7,"minecraft:deepslate_iron_ore":2,"minecraft:azalea_leaves":1,"minecraft:stone":29,"minecraft:spruce_slab":4,"minecraft:cut_sandstone":7,"minecraft:potted_lily_of_the_valley":1,"minecraft:orange_terracotta":4,"minecraft:powder_snow":49,"minecraft:crafting_table":1,"minecraft:melon":3,"minecraft:dead_bush":8,"minecraft:tall_grass":14,"minecraft:deepslate_gold_ore":2,"minecraft:sugar_cane":1,"minecraft:sculk":15,"minecraft:pink_petals":5,"minecraft:tnt":17,"minecraft:grass":70,"minecraft:coal_ore":46,"minecraft:oak_log":31,"minecraft:dirt":2,"minecraft:cobweb":2,"minecraft:terracotta":2,"minecraft:netherrack":19,"minecraft:oak_leaves":5,"minecraft:deepslate":1,"minecraft:fern":2},"minecraft:dropped":{"minecraft:enchanted_book":1,"minecraft:iron_ingot":7,"minecraft:wheat_seeds":3,"minecraft:cooked_beef":32,"minecraft:dirt":4,"minecraft:gray_wool":1,"minecraft:cherry_planks":6,"minecraft:iron_leggings":4,"minecraft:flowering_azalea":1,"minecraft:iron_axe":1,"minecraft:string":4,"minecraft:pink_petals":3,"minecraft:white_wool":21,"minecraft:bone":1,"minecraft:name_tag":1,"minecraft:white_bed":1,"minecraft:orange_terracotta":1,"apotheosis:gem":2,"minecraft:azalea":5,"minecraft:oak_sapling":1,"minecraft:arrow":6,"minecraft:red_sand":1,"minecraft:raw_gold":9,"minecraft:magma_block":3,"minecraft:netherrack":3},"minecraft:used":{"minecraft:red_sand":3,"minecraft:shield":26,"minecraft:iron_sword":275,"minecraft:torch":8,"minecraft:dirt":3,"minecraft:wooden_axe":42,"minecraft:iron_axe":46,"minecraft:golden_carrot":11,"minecraft:beef":7,"minecraft:oak_sapling":5,"minecraft:cooked_beef":9,"minecraft:orange_terracotta":2,"minecraft:golden_axe":24,"minecraft:oak_planks":93,"minecraft:sandstone":1,"minecraft:white_wool":1,"minecraft:golden_apple":4,"minecraft:glow_berries":17,"minecraft:terracotta":2,"minecraft:crafting_table":5,"minecraft:white_bed":9,"minecraft:bread":3,"minecraft:iron_pickaxe":159,"minecraft:porkchop":20,"minecraft:oak_boat":5,"minecraft:golden_pickaxe":59},"minecraft:broken":{"minecraft:golden_axe":1,"minecraft:wooden_axe":1},"minecraft:killed":{"minecraft:spider":3,"minecraft:skeleton":3,"minecraft:chicken":1,"minecraft:husk":2,"minecraft:pig":12,"minecraft:iron_golem":1,"minecraft:creeper":1,"minecraft:sheep":35,"minecraft:pillager":2,"minecraft:zombie":7,"minecraft:cow":15},"minecraft:custom":{"minecraft:mob_kills":83,"minecraft:interact_with_crafting_table":6,"minecraft:damage_dealt_resisted":0,"minecraft:leave_game":4,"minecraft:time_since_death":38872,"minecraft:climb_one_cm":1014,"minecraft:damage_resisted":0,"minecraft:sprint_one_cm":413938,"minecraft:walk_one_cm":263808,"minecraft:damage_blocked_by_shield":1748,"minecraft:drop":78,"minecraft:play_time":138856,"minecraft:deaths":4,"minecraft:sneak_time":653,"minecraft:walk_under_water_one_cm":22491,"minecraft:boat_one_cm":35595,"minecraft:jump":4099,"minecraft:walk_on_water_one_cm":21526,"minecraft:total_world_time":138856,"minecraft:sleep_in_bed":5,"minecraft:time_since_rest":38892,"minecraft:damage_taken":3332,"minecraft:damage_absorbed":90,"minecraft:trigger_trapped_chest":5,"minecraft:damage_dealt":11014,"minecraft:swim_one_cm":114764,"minecraft:fly_one_cm":870203,"minecraft:open_chest":16,"minecraft:crouch_one_cm":995,"minecraft:fall_one_cm":153587},"minecraft:crafted":{"minecraft:cherry_planks":12,"minecraft:oak_planks":124,"minecraft:iron_axe":1,"minecraft:crafting_table":4,"minecraft:iron_sword":1,"minecraft:oak_boat":1,"minecraft:shield":1,"minecraft:stick":8,"minecraft:iron_pickaxe":1,"minecraft:wooden_axe":1,"minecraft:white_bed":1},"minecraft:picked_up":{"minecraft:wooden_axe":2,"minecraft:crafting_table":3,"minecraft:iron_chestplate":1,"minecraft:golden_pickaxe":2,"minecraft:enchanted_book":17,"minecraft:stone_brick_stairs":4,"minecraft:string":7,"minecraft:iron_axe":1,"minecraft:iron_leggings":8,"minecraft:item_frame":1,"minecraft:red_sand":4,"minecraft:beef":81,"minecraft:oak_boat":5,"minecraft:azalea":5,"minecraft:poppy":1,"minecraft:iron_pickaxe":2,"minecraft:spruce_slab":4,"minecraft:spruce_trapdoor":7,"minecraft:iron_boots":2,"apotheosis:gem":22,"minecraft:raw_iron":30,"minecraft:stick":27,"minecraft:sandstone":3,"minecraft:torch":128,"minecraft:porkchop":28,"minecraft:golden_axe":2,"minecraft:cherry_log":19,"minecraft:tnt":44,"minecraft:arrow":6,"minecraft:saddle":3,"minecraft:glow_berries":22,"minecraft:mutton":139,"minecraft:rail":2,"minecraft:white_wool":67,"minecraft:cobblestone":8,"minecraft:pink_petals":3,"minecraft:magma_block":3,"minecraft:dune_armor_trim_smithing_template":8,"minecraft:cooked_beef":41,"minecraft:golden_carrot":22,"minecraft:leather":15,"minecraft:cut_sandstone":2,"minecraft:oak_log":65,"minecraft:gunpowder":1,"minecraft:lapis_lazuli":130,"minecraft:dirt":7,"minecraft:name_tag":3,"minecraft:orange_terracotta":3,"minecraft:bone":1,"minecraft:wheat_seeds":5,"minecraft:raw_gold":9,"minecraft:iron_ingot":35,"minecraft:oak_planks":142,"minecraft:iron_sword":2,"minecraft:flowering_azalea":3,"minecraft:book":48,"minecraft:white_bed":10,"minecraft:spider_eye":2,"minecraft:diamond":16,"minecraft:crossbow":2,"minecraft:cherry_sapling":13,"minecraft:golden_apple":4,"minecraft:gray_wool":3,"minecraft:bread":6,"minecraft:terracotta":4,"minecraft:oak_sapling":16,"minecraft:coal":197,"minecraft:netherrack":9},"minecraft:killed_by":{"minecraft:skeleton":3}},"DataVersion":3465}