{"stats":{"minecraft:killed":{"cobblemon:pokemon":8,"minecraft:rabbit":1,"minecraft:sheep":9,"minecraft:zombie":1,"minecraft:cow":6},"minecraft:dropped":{"minecraft:wheat_seeds":1,"minecraft:rotten_flesh":1,"minecraft:clay_ball":1,"minecraft:dirt":4,"minecraft:spruce_trapdoor":2},"minecraft:killed_by":{"cobblemon:pokemon":5},"minecraft:used":{"minecraft:spruce_planks":1,"minecraft:rotten_flesh":2,"minecraft:white_wool":1,"minecraft:dirt":2,"minecraft:mutton":13,"minecraft:crafting_table":1,"minecraft:carrot":7,"minecraft:wooden_axe":84,"cobblemon:green_apricorn_seed":1,"minecraft:wooden_sword":48,"minecraft:beef":4,"minecraft:potato":20},"minecraft:custom":{"minecraft:mob_kills":26,"minecraft:interact_with_crafting_table":2,"minecraft:leave_game":1,"minecraft:time_since_death":38385,"minecraft:sleep_in_bed":1,"minecraft:climb_one_cm":2359,"minecraft:time_since_rest":38414,"minecraft:sprint_one_cm":158734,"minecraft:damage_taken":1694,"minecraft:walk_one_cm":126470,"minecraft:drop":9,"minecraft:damage_dealt":3858,"minecraft:swim_one_cm":9741,"minecraft:fly_one_cm":352295,"minecraft:open_chest":1,"minecraft:crouch_one_cm":310,"minecraft:play_time":51567,"minecraft:deaths":5,"minecraft:sneak_time":66,"minecraft:walk_under_water_one_cm":5269,"minecraft:jump":1385,"minecraft:walk_on_water_one_cm":7822,"minecraft:total_world_time":51567,"minecraft:fall_one_cm":39869},"minecraft:crafted":{"minecraft:wooden_sword":1,"minecraft:crafting_table":1,"minecraft:spruce_planks":20,"minecraft:wooden_pickaxe":1,"minecraft:stick":8,"minecraft:wooden_axe":2},"minecraft:picked_up":{"minecraft:wooden_axe":6,"minecraft:wheat":2,"minecraft:air":0,"minecraft:ladder":1,"minecraft:clay_ball":1,"cobblemon:yellow_apricorn":6,"minecraft:leather":4,"cobblemon:red_apricorn":4,"minecraft:potato":56,"minecraft:dirt":6,"minecraft:wooden_sword":4,"minecraft:bone":1,"minecraft:wheat_seeds":17,"cobblemon:green_apricorn":5,"minecraft:spruce_planks":5,"minecraft:beef":8,"cobblemon:relic_coin":4,"cobblemon:green_apricorn_seed":1,"minecraft:spruce_trapdoor":2,"cobblemon:chilan_berry":3,"minecraft:stick":12,"cobblemon:cheri_berry":6,"cobblemon:dive_ball":1,"cobblemon:persim_berry":15,"minecraft:spruce_sapling":8,"minecraft:carrot":20,"minecraft:spruce_log":5,"minecraft:arrow":1,"minecraft:rotten_flesh":7,"cobblemon:poke_ball":19,"minecraft:mutton":13,"minecraft:white_wool":9},"minecraft:mined":{"minecraft:spruce_planks":1,"cobblemon:cheri_berry":1,"cobblemon:apricorn_leaves":22,"minecraft:spruce_trapdoor":1,"minecraft:ladder":1,"minecraft:grass_block":8,"minecraft:tall_grass":2,"minecraft:spruce_leaves":3,"cobblemon:relic_coin_pouch":1,"minecraft:carrots":2,"minecraft:wheat":2,"minecraft:spruce_log":6,"cobblemon:persim_berry":1,"minecraft:grass":32,"minecraft:potatoes":14,"minecraft:dirt":1,"minecraft:oak_leaves":2},"minecraft:broken":{"minecraft:wooden_sword":1,"minecraft:wooden_axe":1}},"DataVersion":3465}