{"stats":{"minecraft:killed_by":{"minecraft:skeleton":1},"minecraft:broken":{"minecraft:golden_axe":1,"minecraft:wooden_axe":1},"minecraft:custom":{"minecraft:mob_kills":32,"minecraft:interact_with_crafting_table":3,"minecraft:damage_dealt_resisted":0,"minecraft:leave_game":1,"minecraft:time_since_death":37672,"minecraft:climb_one_cm":610,"minecraft:time_since_rest":37764,"minecraft:sprint_one_cm":193752,"minecraft:damage_absorbed":40,"minecraft:damage_taken":1354,"minecraft:walk_one_cm":110301,"minecraft:trigger_trapped_chest":2,"minecraft:drop":13,"minecraft:damage_dealt":3735,"minecraft:swim_one_cm":42839,"minecraft:fly_one_cm":363845,"minecraft:open_chest":7,"minecraft:crouch_one_cm":279,"minecraft:play_time":52519,"minecraft:deaths":2,"minecraft:sneak_time":402,"minecraft:walk_under_water_one_cm":7299,"minecraft:boat_one_cm":34290,"minecraft:jump":1647,"minecraft:walk_on_water_one_cm":7811,"minecraft:total_world_time":52519,"minecraft:fall_one_cm":60534},"minecraft:mined":{"minecraft:cut_sandstone":7,"minecraft:stone_pressure_plate":1,"minecraft:potted_lily_of_the_valley":1,"minecraft:sculk_vein":2,"minecraft:orange_terracotta":4,"minecraft:crafting_table":1,"minecraft:red_sand":4,"minecraft:dead_bush":7,"minecraft:tall_grass":3,"minecraft:sculk":15,"minecraft:sandstone":7,"minecraft:spawner":1,"minecraft:chiseled_sandstone":1,"minecraft:iron_ore":3,"minecraft:tnt":13,"minecraft:grass":10,"minecraft:bookshelf":4,"minecraft:oak_log":31,"minecraft:coal_ore":22,"minecraft:cobweb":2,"minecraft:azalea_leaves":1,"minecraft:terracotta":2,"minecraft:stone":18,"minecraft:oak_leaves":1,"minecraft:fern":2},"minecraft:killed":{"minecraft:husk":2,"minecraft:pig":6,"minecraft:spider":2,"minecraft:creeper":1,"minecraft:sheep":15,"minecraft:zombie":1,"minecraft:cow":5},"minecraft:crafted":{"minecraft:oak_planks":124,"minecraft:crafting_table":1,"minecraft:iron_sword":1,"minecraft:oak_boat":1,"minecraft:stick":4,"minecraft:iron_pickaxe":1,"minecraft:wooden_axe":1},"minecraft:dropped":{"minecraft:wheat_seeds":2,"minecraft:orange_terracotta":1,"apotheosis:gem":1,"minecraft:oak_sapling":1,"minecraft:azalea":5,"minecraft:flowering_azalea":1,"minecraft:red_sand":1,"minecraft:string":2},"minecraft:used":{"minecraft:red_sand":3,"minecraft:oak_planks":26,"minecraft:sandstone":1,"minecraft:iron_sword":60,"minecraft:torch":4,"minecraft:golden_apple":2,"minecraft:glow_berries":17,"minecraft:terracotta":2,"minecraft:crafting_table":2,"minecraft:wooden_axe":42,"minecraft:iron_pickaxe":49,"minecraft:golden_carrot":9,"minecraft:oak_sapling":5,"minecraft:oak_boat":1,"minecraft:golden_axe":24,"minecraft:orange_terracotta":2,"minecraft:golden_pickaxe":59},"minecraft:picked_up":{"minecraft:wooden_axe":2,"minecraft:crafting_table":3,"minecraft:golden_carrot":22,"minecraft:cut_sandstone":2,"minecraft:golden_pickaxe":2,"minecraft:leather":6,"minecraft:stone_brick_stairs":4,"minecraft:oak_log":65,"minecraft:gunpowder":1,"minecraft:lapis_lazuli":18,"minecraft:string":5,"minecraft:name_tag":1,"minecraft:orange_terracotta":3,"minecraft:iron_leggings":2,"minecraft:item_frame":1,"minecraft:wheat_seeds":4,"minecraft:red_sand":4,"minecraft:iron_ingot":10,"minecraft:beef":12,"minecraft:azalea":5,"minecraft:oak_planks":6,"minecraft:flowering_azalea":3,"minecraft:spruce_trapdoor":7,"minecraft:book":12,"minecraft:raw_iron":8,"minecraft:stick":27,"minecraft:sandstone":3,"apotheosis:gem":9,"minecraft:torch":31,"minecraft:porkchop":13,"minecraft:golden_axe":2,"minecraft:spider_eye":2,"minecraft:tnt":12,"minecraft:saddle":1,"minecraft:bread":6,"minecraft:rail":2,"minecraft:terracotta":4,"minecraft:oak_sapling":16,"minecraft:glow_berries":22,"minecraft:mutton":22,"minecraft:coal":47,"minecraft:white_wool":15,"minecraft:cobblestone":8}},"DataVersion":3465}