{"stats":{"minecraft:killed_by":{"minecraft:skeleton":1},"minecraft:broken":{"minecraft:golden_axe":1,"minecraft:wooden_axe":1},"minecraft:custom":{"minecraft:mob_kills":28,"minecraft:interact_with_crafting_table":3,"minecraft:damage_dealt_resisted":0,"minecraft:leave_game":1,"minecraft:time_since_death":25672,"minecraft:climb_one_cm":610,"minecraft:time_since_rest":25764,"minecraft:sprint_one_cm":169082,"minecraft:damage_absorbed":40,"minecraft:damage_taken":1244,"minecraft:walk_one_cm":90877,"minecraft:drop":9,"minecraft:damage_dealt":3415,"minecraft:swim_one_cm":7140,"minecraft:fly_one_cm":285372,"minecraft:open_chest":2,"minecraft:crouch_one_cm":146,"minecraft:play_time":40519,"minecraft:deaths":2,"minecraft:sneak_time":231,"minecraft:walk_under_water_one_cm":2492,"minecraft:boat_one_cm":34290,"minecraft:jump":1358,"minecraft:walk_on_water_one_cm":2138,"minecraft:total_world_time":40519,"minecraft:fall_one_cm":50586},"minecraft:mined":{"minecraft:sculk_vein":2,"minecraft:orange_terracotta":3,"minecraft:crafting_table":1,"minecraft:red_sand":4,"minecraft:dead_bush":7,"minecraft:tall_grass":3,"minecraft:sculk":15,"minecraft:sandstone":1,"minecraft:spawner":1,"minecraft:iron_ore":3,"minecraft:grass":7,"minecraft:oak_log":31,"minecraft:coal_ore":22,"minecraft:cobweb":2,"minecraft:azalea_leaves":1,"minecraft:terracotta":2,"minecraft:stone":18,"minecraft:oak_leaves":1,"minecraft:fern":2},"minecraft:killed":{"minecraft:husk":2,"minecraft:pig":6,"minecraft:spider":2,"minecraft:creeper":1,"minecraft:sheep":11,"minecraft:zombie":1,"minecraft:cow":5},"minecraft:crafted":{"minecraft:oak_planks":124,"minecraft:crafting_table":1,"minecraft:iron_sword":1,"minecraft:oak_boat":1,"minecraft:stick":4,"minecraft:iron_pickaxe":1,"minecraft:wooden_axe":1},"minecraft:dropped":{"apotheosis:gem":1,"minecraft:oak_sapling":1,"minecraft:azalea":5,"minecraft:string":2},"minecraft:used":{"minecraft:red_sand":3,"minecraft:oak_planks":15,"minecraft:sandstone":1,"minecraft:iron_sword":47,"minecraft:torch":1,"minecraft:golden_apple":2,"minecraft:glow_berries":17,"minecraft:terracotta":2,"minecraft:crafting_table":2,"minecraft:wooden_axe":42,"minecraft:iron_pickaxe":19,"minecraft:golden_carrot":8,"minecraft:oak_sapling":5,"minecraft:oak_boat":1,"minecraft:golden_axe":24,"minecraft:orange_terracotta":2,"minecraft:golden_pickaxe":59},"minecraft:picked_up":{"minecraft:wooden_axe":2,"minecraft:crafting_table":3,"minecraft:golden_carrot":22,"minecraft:golden_pickaxe":2,"minecraft:leather":6,"minecraft:stone_brick_stairs":4,"minecraft:oak_log":65,"minecraft:gunpowder":1,"minecraft:lapis_lazuli":18,"minecraft:string":5,"minecraft:name_tag":1,"minecraft:orange_terracotta":3,"minecraft:iron_leggings":2,"minecraft:wheat_seeds":2,"minecraft:red_sand":4,"minecraft:iron_ingot":10,"minecraft:beef":12,"minecraft:azalea":5,"minecraft:oak_planks":6,"minecraft:flowering_azalea":3,"minecraft:spruce_trapdoor":7,"minecraft:raw_iron":8,"minecraft:stick":27,"minecraft:sandstone":2,"apotheosis:gem":5,"minecraft:torch":31,"minecraft:porkchop":13,"minecraft:golden_axe":2,"minecraft:spider_eye":2,"minecraft:saddle":1,"minecraft:bread":6,"minecraft:rail":2,"minecraft:terracotta":4,"minecraft:oak_sapling":16,"minecraft:glow_berries":22,"minecraft:mutton":17,"minecraft:coal":47,"minecraft:white_wool":11,"minecraft:cobblestone":8}},"DataVersion":3465}