{"stats":{"minecraft:killed_by":{"minecraft:skeleton":1},"minecraft:broken":{"minecraft:golden_axe":1,"minecraft:wooden_axe":1},"minecraft:custom":{"minecraft:mob_kills":15,"minecraft:interact_with_crafting_table":2,"minecraft:damage_dealt_resisted":0,"minecraft:leave_game":1,"minecraft:time_since_death":13672,"minecraft:time_since_rest":13764,"minecraft:sprint_one_cm":111301,"minecraft:damage_absorbed":40,"minecraft:damage_taken":1152,"minecraft:walk_one_cm":59250,"minecraft:drop":9,"minecraft:damage_dealt":2025,"minecraft:swim_one_cm":4205,"minecraft:fly_one_cm":214664,"minecraft:open_chest":2,"minecraft:crouch_one_cm":127,"minecraft:play_time":28519,"minecraft:deaths":2,"minecraft:sneak_time":228,"minecraft:walk_under_water_one_cm":2018,"minecraft:jump":991,"minecraft:walk_on_water_one_cm":1868,"minecraft:total_world_time":28519,"minecraft:fall_one_cm":38911},"minecraft:mined":{"minecraft:sculk_vein":2,"minecraft:orange_terracotta":3,"minecraft:crafting_table":1,"minecraft:red_sand":3,"minecraft:dead_bush":7,"minecraft:tall_grass":3,"minecraft:sculk":15,"minecraft:sandstone":1,"minecraft:iron_ore":3,"minecraft:oak_log":31,"minecraft:coal_ore":22,"minecraft:azalea_leaves":1,"minecraft:terracotta":2,"minecraft:stone":17,"minecraft:oak_leaves":1},"minecraft:killed":{"minecraft:husk":2,"minecraft:pig":2,"minecraft:spider":1,"minecraft:sheep":8,"minecraft:zombie":1,"minecraft:cow":1},"minecraft:crafted":{"minecraft:oak_planks":124,"minecraft:crafting_table":1,"minecraft:iron_sword":1,"minecraft:stick":4,"minecraft:iron_pickaxe":1,"minecraft:wooden_axe":1},"minecraft:dropped":{"apotheosis:gem":1,"minecraft:oak_sapling":1,"minecraft:azalea":5,"minecraft:string":2},"minecraft:used":{"minecraft:red_sand":3,"minecraft:oak_planks":15,"minecraft:sandstone":1,"minecraft:iron_sword":8,"minecraft:golden_apple":2,"minecraft:glow_berries":17,"minecraft:terracotta":2,"minecraft:crafting_table":1,"minecraft:wooden_axe":42,"minecraft:iron_pickaxe":19,"minecraft:golden_carrot":3,"minecraft:oak_sapling":5,"minecraft:golden_axe":24,"minecraft:orange_terracotta":1,"minecraft:golden_pickaxe":55},"minecraft:picked_up":{"minecraft:wooden_axe":2,"minecraft:crafting_table":3,"minecraft:golden_carrot":22,"minecraft:golden_pickaxe":2,"minecraft:leather":2,"minecraft:stone_brick_stairs":4,"minecraft:oak_log":65,"minecraft:lapis_lazuli":18,"minecraft:string":2,"minecraft:name_tag":1,"minecraft:orange_terracotta":3,"minecraft:iron_leggings":2,"minecraft:red_sand":3,"minecraft:iron_ingot":10,"minecraft:beef":3,"minecraft:azalea":5,"minecraft:oak_planks":6,"minecraft:flowering_azalea":3,"minecraft:spruce_trapdoor":7,"minecraft:raw_iron":8,"minecraft:stick":27,"minecraft:sandstone":2,"apotheosis:gem":5,"minecraft:torch":31,"minecraft:porkchop":4,"minecraft:golden_axe":2,"minecraft:spider_eye":2,"minecraft:bread":6,"minecraft:terracotta":4,"minecraft:oak_sapling":16,"minecraft:glow_berries":22,"minecraft:mutton":11,"minecraft:coal":47,"minecraft:white_wool":8,"minecraft:cobblestone":7}},"DataVersion":3465}