{"stats":{"minecraft:custom":{"minecraft:mob_kills":192,"minecraft:interact_with_crafting_table":21,"minecraft:damage_dealt_resisted":0,"minecraft:leave_game":9,"minecraft:time_since_death":434,"minecraft:climb_one_cm":3181,"minecraft:damage_resisted":0,"minecraft:sprint_one_cm":949192,"minecraft:walk_one_cm":777218,"minecraft:damage_blocked_by_shield":1748,"minecraft:drop":141,"minecraft:talked_to_villager":2,"minecraft:raid_win":1,"minecraft:play_time":299351,"minecraft:sneak_time":2779,"minecraft:deaths":52,"minecraft:walk_under_water_one_cm":38032,"minecraft:boat_one_cm":86805,"minecraft:jump":9190,"minecraft:interact_with_blast_furnace":1,"minecraft:walk_on_water_one_cm":36021,"minecraft:total_world_time":299351,"minecraft:sleep_in_bed":5,"minecraft:time_since_rest":493,"minecraft:damage_taken":20529,"minecraft:damage_absorbed":170,"minecraft:trigger_trapped_chest":12,"minecraft:damage_dealt":28564,"minecraft:player_kills":1,"minecraft:swim_one_cm":193418,"minecraft:fly_one_cm":1925087,"minecraft:open_chest":65,"minecraft:crouch_one_cm":6317,"minecraft:fall_one_cm":318450},"minecraft:mined":{"minecraft:white_bed":11,"minecraft:stone_pressure_plate":1,"minecraft:sculk_vein":2,"minecraft:cherry_log":19,"minecraft:red_sand":4,"minecraft:acacia_log":53,"minecraft:grass_block":18,"minecraft:jungle_log":10,"minecraft:kelp":6,"minecraft:sandstone":7,"minecraft:spawner":3,"minecraft:tall_seagrass":5,"minecraft:hay_block":109,"minecraft:magma_block":3,"minecraft:fire":1,"minecraft:iron_ore":42,"minecraft:chiseled_sandstone":1,"minecraft:deepslate_lapis_ore":7,"minecraft:gold_block":2,"minecraft:bookshelf":15,"minecraft:deepslate_iron_ore":2,"minecraft:vine":2,"minecraft:smooth_sandstone_stairs":1,"minecraft:azalea_leaves":1,"minecraft:stone":53,"minecraft:spruce_slab":4,"minecraft:cut_sandstone":7,"minecraft:kelp_plant":1,"minecraft:potted_lily_of_the_valley":3,"minecraft:orange_terracotta":5,"minecraft:dandelion":2,"minecraft:powder_snow":51,"minecraft:spruce_door":1,"minecraft:smooth_sandstone":3,"minecraft:crafting_table":9,"minecraft:blast_furnace":1,"minecraft:melon":24,"minecraft:chest":1,"minecraft:dead_bush":10,"minecraft:tall_grass":32,"minecraft:deepslate_gold_ore":2,"minecraft:sugar_cane":3,"minecraft:wall_torch":1,"minecraft:sculk":15,"minecraft:white_terracotta":1,"minecraft:pink_petals":9,"minecraft:seagrass":5,"minecraft:birch_log":6,"minecraft:wheat":1,"minecraft:stone_brick_stairs":2,"minecraft:tnt":25,"minecraft:grass":229,"minecraft:coal_ore":46,"minecraft:oak_log":48,"minecraft:cocoa":3,"minecraft:cherry_leaves":4,"minecraft:flower_pot":1,"minecraft:dirt":7,"minecraft:cobweb":16,"minecraft:brown_terracotta":1,"minecraft:terracotta":8,"minecraft:stone_bricks":1,"minecraft:netherrack":19,"minecraft:gold_ore":4,"minecraft:oak_leaves":20,"minecraft:deepslate":1,"minecraft:fern":4},"minecraft:picked_up":{"minecraft:wooden_axe":10,"minecraft:iron_chestplate":2,"minecraft:crafting_table":16,"minecraft:chicken":2,"minecraft:flower_pot":2,"minecraft:golden_pickaxe":2,"minecraft:wooden_pickaxe":15,"minecraft:potion":4,"minecraft:gold_block":30,"minecraft:enchanted_book":92,"minecraft:golden_shovel":2,"minecraft:stone_brick_stairs":6,"minecraft:shield":3,"minecraft:string":12,"minecraft:iron_axe":24,"minecraft:iron_leggings":23,"minecraft:item_frame":1,"minecraft:red_sand":4,"minecraft:bucket":7,"minecraft:beef":237,"minecraft:oak_boat":7,"minecraft:azalea":5,"minecraft:poppy":9,"minecraft:iron_pickaxe":32,"minecraft:spruce_slab":4,"minecraft:melon_slice":520,"minecraft:sugar_cane":4,"minecraft:chest":3,"minecraft:golden_helmet":2,"minecraft:spruce_trapdoor":7,"minecraft:iron_boots":16,"minecraft:raw_iron":130,"minecraft:stick":45,"minecraft:sandstone":3,"apotheosis:gem":47,"minecraft:cherry_stairs":3,"minecraft:torch":130,"minecraft:acacia_log":32,"minecraft:porkchop":236,"minecraft:golden_axe":2,"minecraft:cherry_log":19,"minecraft:trident":17,"minecraft:tnt":62,"minecraft:arrow":20,"minecraft:rotten_flesh":21,"minecraft:hay_block":1825,"minecraft:saddle":32,"minecraft:gold_ingot":70,"minecraft:totem_of_undying":3,"minecraft:glow_berries":22,"minecraft:obsidian":60,"minecraft:mutton":361,"minecraft:rail":4,"minecraft:white_wool":96,"minecraft:cobblestone":14,"minecraft:pink_petals":41,"minecraft:magma_block":3,"minecraft:dune_armor_trim_smithing_template":8,"minecraft:cooked_beef":41,"minecraft:golden_carrot":22,"minecraft:leather":214,"minecraft:cut_sandstone":2,"minecraft:brown_wool":1,"minecraft:potato":2,"minecraft:filled_map":9,"minecraft:cobblestone_stairs":1,"minecraft:golden_boots":1,"minecraft:oak_log":82,"minecraft:chainmail_chestplate":16,"minecraft:gunpowder":11,"minecraft:acacia_boat":12,"minecraft:lapis_lazuli":130,"minecraft:dirt":564,"minecraft:white_banner":1,"minecraft:name_tag":3,"minecraft:orange_terracotta":3,"minecraft:bone":15,"minecraft:acacia_planks":337,"minecraft:kelp":4,"minecraft:wheat_seeds":56,"minecraft:raw_gold":9,"minecraft:iron_ingot":323,"minecraft:stone_pickaxe":1,"minecraft:iron_sword":23,"minecraft:flowering_azalea":3,"minecraft:oak_planks":161,"minecraft:acacia_sapling":12,"minecraft:book":312,"minecraft:dandelion":1,"minecraft:blast_furnace":1,"minecraft:white_bed":23,"minecraft:lily_of_the_valley":1,"minecraft:trapped_chest":1,"minecraft:spider_eye":12,"minecraft:mossy_cobblestone":2,"minecraft:sugar":2,"minecraft:diamond":45,"minecraft:stone_axe":18,"minecraft:iron_helmet":7,"minecraft:crossbow":4,"minecraft:chainmail_helmet":2,"minecraft:cherry_sapling":13,"minecraft:golden_apple":5,"minecraft:gray_wool":3,"minecraft:emerald":150,"minecraft:bread":35,"minecraft:terracotta":4,"minecraft:oak_sapling":16,"minecraft:netherrack":9,"minecraft:coal":197},"minecraft:crafted":{"minecraft:cherry_planks":12,"minecraft:oak_planks":164,"minecraft:iron_boots":1,"minecraft:iron_axe":1,"minecraft:stone_pickaxe":1,"minecraft:chest":1,"minecraft:crafting_table":7,"minecraft:wooden_pickaxe":2,"minecraft:iron_helmet":1,"minecraft:iron_sword":1,"minecraft:stone_axe":1,"minecraft:acacia_boat":1,"minecraft:oak_boat":2,"minecraft:iron_chestplate":1,"minecraft:wooden_hoe":1,"minecraft:shield":1,"minecraft:stick":20,"minecraft:iron_pickaxe":1,"minecraft:wooden_axe":5,"minecraft:iron_leggings":1,"minecraft:white_bed":2,"minecraft:acacia_planks":128},"minecraft:killed_by":{"minecraft:husk":1,"minecraft:evoker":1,"minecraft:player":2,"minecraft:spider":1,"minecraft:pillager":2,"minecraft:iron_golem":1,"minecraft:ravager":1,"minecraft:vindicator":17,"minecraft:cave_spider":1,"minecraft:skeleton":8,"minecraft:zombie":2,"minecraft:vex":13},"minecraft:used":{"minecraft:trident":83,"minecraft:red_sand":3,"minecraft:chest":1,"minecraft:shield":26,"minecraft:iron_sword":382,"minecraft:rotten_flesh":3,"minecraft:torch":9,"minecraft:dirt":11,"minecraft:mutton":27,"minecraft:golden_shovel":7,"minecraft:wooden_axe":183,"minecraft:iron_axe":275,"minecraft:iron_helmet":1,"minecraft:totem_of_undying":1,"minecraft:golden_carrot":11,"minecraft:beef":54,"minecraft:oak_sapling":5,"minecraft:potato":4,"minecraft:cooked_beef":9,"minecraft:orange_terracotta":2,"minecraft:golden_axe":24,"minecraft:acacia_planks":69,"minecraft:iron_leggings":2,"minecraft:acacia_boat":1,"minecraft:stone_pickaxe":13,"minecraft:oak_planks":94,"minecraft:sandstone":1,"minecraft:wooden_pickaxe":8,"minecraft:mossy_cobblestone":1,"minecraft:golden_apple":4,"minecraft:white_wool":1,"minecraft:glow_berries":17,"minecraft:terracotta":2,"minecraft:tnt":6,"minecraft:crafting_table":16,"minecraft:white_bed":13,"minecraft:oak_log":2,"minecraft:wooden_hoe":65,"minecraft:bread":32,"minecraft:melon_slice":9,"minecraft:iron_pickaxe":237,"minecraft:stone_axe":93,"minecraft:porkchop":26,"minecraft:oak_boat":7,"minecraft:golden_pickaxe":62},"minecraft:broken":{"minecraft:golden_axe":1,"minecraft:iron_sword":1,"minecraft:iron_helmet":1,"minecraft:wooden_axe":2,"minecraft:wooden_hoe":1},"minecraft:killed":{"minecraft:evoker":1,"minecraft:cave_spider":3,"minecraft:witch":2,"minecraft:spider":7,"minecraft:horse":2,"minecraft:skeleton":12,"minecraft:bee":2,"minecraft:chicken":4,"minecraft:turtle":1,"minecraft:husk":2,"minecraft:pig":27,"minecraft:iron_golem":1,"minecraft:ravager":2,"minecraft:creeper":2,"minecraft:sheep":66,"minecraft:pillager":9,"minecraft:zombie":14,"minecraft:cow":33},"minecraft:dropped":{"minecraft:enchanted_book":3,"minecraft:iron_ingot":7,"minecraft:acacia_boat":1,"minecraft:iron_sword":1,"minecraft:porkchop":1,"minecraft:wheat_seeds":17,"minecraft:cooked_beef":32,"minecraft:iron_helmet":1,"minecraft:apple":7,"minecraft:stick":3,"minecraft:dirt":6,"minecraft:gray_wool":1,"minecraft:torch":1,"minecraft:mutton":3,"minecraft:melon_slice":64,"minecraft:brown_wool":1,"minecraft:cherry_planks":6,"minecraft:iron_leggings":4,"minecraft:flowering_azalea":1,"minecraft:white_banner":1,"minecraft:iron_axe":3,"minecraft:iron_pickaxe":1,"minecraft:string":8,"minecraft:pink_petals":3,"minecraft:trapped_chest":1,"minecraft:white_wool":29,"minecraft:acacia_planks":6,"minecraft:dandelion":1,"minecraft:bone":3,"minecraft:stone_axe":1,"minecraft:kelp":4,"minecraft:sugar_cane":4,"minecraft:cherry_sapling":13,"minecraft:rotten_flesh":8,"minecraft:oak_planks":8,"minecraft:iron_boots":2,"minecraft:name_tag":1,"minecraft:white_bed":1,"minecraft:poppy":2,"minecraft:flower_pot":1,"minecraft:orange_terracotta":1,"apotheosis:gem":3,"minecraft:azalea":5,"minecraft:acacia_sapling":3,"minecraft:oak_sapling":1,"minecraft:chest":1,"minecraft:spider_eye":3,"minecraft:red_sand":1,"minecraft:arrow":9,"minecraft:wooden_pickaxe":1,"minecraft:raw_gold":9,"minecraft:magma_block":3,"minecraft:stone_brick_stairs":2,"minecraft:netherrack":3}},"DataVersion":3465}