{"stats":{"minecraft:custom":{"minecraft:open_chest":1,"minecraft:time_since_rest":7541,"minecraft:damage_absorbed":40,"minecraft:damage_taken":240,"minecraft:play_time":7541,"minecraft:sprint_one_cm":30798,"minecraft:walk_one_cm":12692,"minecraft:mob_kills":2,"minecraft:drop":5,"minecraft:jump":249,"minecraft:damage_dealt":467,"minecraft:leave_game":1,"minecraft:time_since_death":7541,"minecraft:total_world_time":7541,"minecraft:interact_with_crafting_table":1,"minecraft:fall_one_cm":7417,"minecraft:fly_one_cm":63762},"minecraft:mined":{"minecraft:oak_log":9,"minecraft:azalea_leaves":1,"minecraft:crafting_table":1},"minecraft:killed":{"minecraft:husk":2},"minecraft:crafted":{"minecraft:oak_planks":12,"minecraft:crafting_table":1,"minecraft:stick":4,"minecraft:wooden_axe":1},"minecraft:dropped":{"minecraft:azalea":5},"minecraft:used":{"minecraft:wooden_axe":20,"minecraft:golden_apple":2,"minecraft:crafting_table":1},"minecraft:picked_up":{"minecraft:crafting_table":1,"minecraft:stick":3,"minecraft:oak_log":9,"minecraft:azalea":5,"minecraft:flowering_azalea":1}},"DataVersion":3465}