{"stats":{"minecraft:killed_by":{"cobblemon:pokemon":1},"minecraft:used":{"minecraft:crafting_table":1},"minecraft:crafted":{"minecraft:crafting_table":1,"minecraft:spruce_planks":20},"minecraft:custom":{"minecraft:jump":53,"minecraft:time_since_rest":805,"minecraft:damage_dealt":135,"minecraft:crouch_one_cm":310,"minecraft:deaths":1,"minecraft:sprint_one_cm":3843,"minecraft:play_time":6465,"minecraft:damage_taken":252,"minecraft:time_since_death":778,"minecraft:walk_one_cm":9505,"minecraft:sneak_time":54,"minecraft:total_world_time":6465,"minecraft:interact_with_crafting_table":1,"minecraft:fall_one_cm":1045,"minecraft:fly_one_cm":10201},"minecraft:picked_up":{"minecraft:spruce_log":5},"minecraft:mined":{"minecraft:spruce_log":6,"minecraft:spruce_leaves":3}},"DataVersion":3465}