{"stats":{"minecraft:custom":{"minecraft:mob_kills":158,"minecraft:interact_with_crafting_table":18,"minecraft:damage_dealt_resisted":0,"minecraft:leave_game":5,"minecraft:time_since_death":116,"minecraft:climb_one_cm":1472,"minecraft:damage_resisted":0,"minecraft:sprint_one_cm":693804,"minecraft:walk_one_cm":537324,"minecraft:damage_blocked_by_shield":1748,"minecraft:drop":116,"minecraft:talked_to_villager":2,"minecraft:play_time":230679,"minecraft:deaths":16,"minecraft:sneak_time":2107,"minecraft:walk_under_water_one_cm":36347,"minecraft:boat_one_cm":86805,"minecraft:jump":7278,"minecraft:interact_with_blast_furnace":1,"minecraft:walk_on_water_one_cm":32896,"minecraft:total_world_time":230679,"minecraft:sleep_in_bed":5,"minecraft:time_since_rest":144,"minecraft:damage_taken":8599,"minecraft:damage_absorbed":90,"minecraft:trigger_trapped_chest":11,"minecraft:damage_dealt":21373,"minecraft:player_kills":1,"minecraft:swim_one_cm":185192,"minecraft:fly_one_cm":1572121,"minecraft:open_chest":42,"minecraft:crouch_one_cm":4815,"minecraft:fall_one_cm":260482},"minecraft:mined":{"minecraft:stone_pressure_plate":1,"minecraft:white_bed":11,"minecraft:sculk_vein":2,"minecraft:cherry_log":19,"minecraft:red_sand":4,"minecraft:acacia_log":53,"minecraft:grass_block":12,"minecraft:kelp":6,"minecraft:sandstone":7,"minecraft:spawner":1,"minecraft:tall_seagrass":4,"minecraft:hay_block":109,"minecraft:magma_block":3,"minecraft:iron_ore":12,"minecraft:chiseled_sandstone":1,"minecraft:deepslate_lapis_ore":7,"minecraft:gold_block":2,"minecraft:bookshelf":13,"minecraft:deepslate_iron_ore":2,"minecraft:smooth_sandstone_stairs":1,"minecraft:azalea_leaves":1,"minecraft:stone":47,"minecraft:spruce_slab":4,"minecraft:cut_sandstone":7,"minecraft:kelp_plant":1,"minecraft:potted_lily_of_the_valley":3,"minecraft:orange_terracotta":4,"minecraft:dandelion":2,"minecraft:powder_snow":49,"minecraft:spruce_door":1,"minecraft:smooth_sandstone":3,"minecraft:crafting_table":9,"minecraft:blast_furnace":1,"minecraft:melon":24,"minecraft:chest":1,"minecraft:dead_bush":10,"minecraft:tall_grass":30,"minecraft:deepslate_gold_ore":2,"minecraft:sugar_cane":1,"minecraft:sculk":15,"minecraft:pink_petals":5,"minecraft:seagrass":5,"minecraft:birch_log":6,"minecraft:wheat":1,"minecraft:tnt":23,"minecraft:stone_brick_stairs":2,"minecraft:grass":203,"minecraft:oak_log":44,"minecraft:coal_ore":46,"minecraft:flower_pot":1,"minecraft:dirt":7,"minecraft:cobweb":2,"minecraft:terracotta":2,"minecraft:stone_bricks":1,"minecraft:netherrack":19,"minecraft:oak_leaves":7,"minecraft:deepslate":1,"minecraft:fern":3},"minecraft:picked_up":{"minecraft:wooden_axe":10,"minecraft:crafting_table":16,"minecraft:iron_chestplate":1,"minecraft:chicken":2,"minecraft:flower_pot":2,"minecraft:golden_pickaxe":2,"minecraft:wooden_pickaxe":6,"minecraft:gold_block":8,"minecraft:enchanted_book":39,"minecraft:stone_brick_stairs":6,"minecraft:string":7,"minecraft:iron_axe":6,"minecraft:iron_leggings":12,"minecraft:item_frame":1,"minecraft:red_sand":4,"minecraft:bucket":2,"minecraft:beef":207,"minecraft:oak_boat":6,"minecraft:azalea":5,"minecraft:poppy":1,"minecraft:iron_pickaxe":10,"minecraft:spruce_slab":4,"minecraft:melon_slice":346,"minecraft:chest":3,"minecraft:spruce_trapdoor":7,"minecraft:iron_boots":9,"minecraft:stick":38,"minecraft:raw_iron":48,"minecraft:sandstone":3,"apotheosis:gem":25,"minecraft:torch":129,"minecraft:acacia_log":32,"minecraft:porkchop":116,"minecraft:golden_axe":2,"minecraft:cherry_log":19,"minecraft:trident":4,"minecraft:tnt":62,"minecraft:arrow":13,"minecraft:rotten_flesh":2,"minecraft:hay_block":607,"minecraft:saddle":9,"minecraft:gold_ingot":28,"minecraft:obsidian":16,"minecraft:glow_berries":22,"minecraft:mutton":220,"minecraft:rail":2,"minecraft:white_wool":93,"minecraft:cobblestone":14,"minecraft:pink_petals":3,"minecraft:magma_block":3,"minecraft:dune_armor_trim_smithing_template":8,"minecraft:cooked_beef":41,"minecraft:golden_carrot":22,"minecraft:brown_wool":1,"minecraft:cut_sandstone":2,"minecraft:leather":124,"minecraft:filled_map":3,"minecraft:oak_log":78,"minecraft:chainmail_chestplate":4,"minecraft:gunpowder":1,"minecraft:acacia_boat":5,"minecraft:lapis_lazuli":130,"minecraft:dirt":180,"minecraft:name_tag":3,"minecraft:orange_terracotta":3,"minecraft:bone":11,"minecraft:acacia_planks":337,"minecraft:kelp":4,"minecraft:wheat_seeds":26,"minecraft:raw_gold":9,"minecraft:iron_ingot":92,"minecraft:stone_pickaxe":1,"minecraft:acacia_sapling":12,"minecraft:iron_sword":7,"minecraft:oak_planks":154,"minecraft:flowering_azalea":3,"minecraft:book":138,"minecraft:dandelion":1,"minecraft:blast_furnace":1,"minecraft:white_bed":14,"minecraft:lily_of_the_valley":1,"minecraft:trapped_chest":1,"minecraft:spider_eye":2,"minecraft:diamond":24,"minecraft:stone_axe":8,"minecraft:iron_helmet":2,"minecraft:crossbow":2,"minecraft:cherry_sapling":13,"minecraft:golden_apple":4,"minecraft:gray_wool":3,"minecraft:bread":28,"minecraft:emerald":41,"minecraft:terracotta":4,"minecraft:oak_sapling":16,"minecraft:netherrack":9,"minecraft:coal":197},"minecraft:crafted":{"minecraft:cherry_planks":12,"minecraft:oak_planks":148,"minecraft:iron_axe":1,"minecraft:stone_pickaxe":1,"minecraft:chest":1,"minecraft:crafting_table":6,"minecraft:wooden_pickaxe":2,"minecraft:iron_sword":1,"minecraft:stone_axe":1,"minecraft:acacia_boat":1,"minecraft:oak_boat":1,"minecraft:wooden_hoe":1,"minecraft:shield":1,"minecraft:stick":20,"minecraft:iron_pickaxe":1,"minecraft:wooden_axe":5,"minecraft:white_bed":2,"minecraft:acacia_planks":128},"minecraft:killed_by":{"minecraft:husk":1,"minecraft:iron_golem":1,"minecraft:vindicator":3,"minecraft:skeleton":7,"minecraft:zombie":1,"minecraft:vex":1},"minecraft:used":{"minecraft:trident":70,"minecraft:red_sand":3,"minecraft:chest":1,"minecraft:shield":26,"minecraft:iron_sword":283,"minecraft:torch":8,"minecraft:dirt":11,"minecraft:mutton":11,"minecraft:wooden_axe":183,"minecraft:iron_axe":193,"minecraft:golden_carrot":11,"minecraft:beef":29,"minecraft:oak_sapling":5,"minecraft:cooked_beef":9,"minecraft:orange_terracotta":2,"minecraft:acacia_planks":69,"minecraft:golden_axe":24,"minecraft:acacia_boat":1,"minecraft:stone_pickaxe":13,"minecraft:oak_planks":93,"minecraft:sandstone":1,"minecraft:wooden_pickaxe":8,"minecraft:golden_apple":4,"minecraft:glow_berries":17,"minecraft:white_wool":1,"minecraft:terracotta":2,"minecraft:tnt":6,"minecraft:crafting_table":15,"minecraft:white_bed":12,"minecraft:oak_log":2,"minecraft:wooden_hoe":65,"minecraft:bread":28,"minecraft:melon_slice":9,"minecraft:iron_pickaxe":186,"minecraft:stone_axe":89,"minecraft:porkchop":26,"minecraft:oak_boat":7,"minecraft:golden_pickaxe":62},"minecraft:broken":{"minecraft:golden_axe":1,"minecraft:iron_sword":1,"minecraft:iron_helmet":1,"minecraft:wooden_axe":2,"minecraft:wooden_hoe":1},"minecraft:killed":{"minecraft:witch":2,"minecraft:spider":3,"minecraft:horse":1,"minecraft:skeleton":5,"minecraft:bee":2,"minecraft:chicken":4,"minecraft:husk":2,"minecraft:pig":25,"minecraft:iron_golem":1,"minecraft:ravager":2,"minecraft:creeper":1,"minecraft:sheep":63,"minecraft:pillager":7,"minecraft:zombie":8,"minecraft:cow":31},"minecraft:dropped":{"minecraft:enchanted_book":3,"minecraft:iron_ingot":7,"minecraft:iron_sword":1,"minecraft:porkchop":1,"minecraft:wheat_seeds":13,"minecraft:cooked_beef":32,"minecraft:iron_helmet":1,"minecraft:apple":7,"minecraft:stick":3,"minecraft:dirt":4,"minecraft:gray_wool":1,"minecraft:mutton":3,"minecraft:melon_slice":64,"minecraft:brown_wool":1,"minecraft:cherry_planks":6,"minecraft:iron_leggings":4,"minecraft:flowering_azalea":1,"minecraft:iron_axe":2,"minecraft:iron_pickaxe":1,"minecraft:string":4,"minecraft:pink_petals":3,"minecraft:trapped_chest":1,"minecraft:white_wool":29,"minecraft:acacia_planks":6,"minecraft:dandelion":1,"minecraft:bone":1,"minecraft:kelp":4,"minecraft:cherry_sapling":13,"minecraft:rotten_flesh":2,"minecraft:oak_planks":8,"minecraft:iron_boots":2,"minecraft:name_tag":1,"minecraft:white_bed":1,"minecraft:flower_pot":1,"minecraft:orange_terracotta":1,"minecraft:chest":1,"apotheosis:gem":2,"minecraft:azalea":5,"minecraft:oak_sapling":1,"minecraft:acacia_sapling":3,"minecraft:red_sand":1,"minecraft:arrow":6,"minecraft:raw_gold":9,"minecraft:magma_block":3,"minecraft:stone_brick_stairs":2,"minecraft:netherrack":3}},"DataVersion":3465}