{"stats":{"minecraft:custom":{"minecraft:time_since_rest":5940,"minecraft:crouch_one_cm":12,"minecraft:play_time":5940,"minecraft:sprint_one_cm":8476,"minecraft:damage_taken":10,"minecraft:walk_one_cm":9899,"minecraft:sneak_time":95,"minecraft:jump":60,"minecraft:damage_dealt":10,"minecraft:time_since_death":5940,"minecraft:total_world_time":5940,"minecraft:interact_with_crafting_table":1,"minecraft:fall_one_cm":418,"minecraft:fly_one_cm":3972},"minecraft:mined":{"minecraft:birch_log":50,"minecraft:birch_leaves":3},"minecraft:crafted":{"minecraft:birch_planks":44,"minecraft:crafting_table":1,"minecraft:stick":8,"minecraft:wooden_pickaxe":1,"minecraft:wooden_axe":1},"minecraft:picked_up":{"minecraft:birch_log":50},"minecraft:used":{"minecraft:wooden_axe":37,"minecraft:crafting_table":1,"minecraft:birch_log":3}},"DataVersion":3955}