{"stats":{"minecraft:custom":{"minecraft:time_since_rest":19681,"minecraft:damage_taken":435,"minecraft:interact_with_furnace":4,"minecraft:sprint_one_cm":141667,"minecraft:walk_one_cm":64022,"minecraft:mob_kills":5,"minecraft:drop":4,"minecraft:damage_dealt":786,"minecraft:swim_one_cm":686,"minecraft:interact_with_crafting_table":5,"minecraft:fly_one_cm":65435,"minecraft:crouch_one_cm":1268,"minecraft:play_time":29940,"minecraft:sneak_time":733,"minecraft:walk_under_water_one_cm":564,"minecraft:jump":556,"minecraft:walk_on_water_one_cm":2250,"minecraft:time_since_death":29940,"minecraft:sleep_in_bed":1,"minecraft:climb_one_cm":345,"minecraft:total_world_time":29940,"minecraft:fall_one_cm":9789},"minecraft:mined":{"minecraft:spore_blossom":3,"minecraft:white_bed":1,"minecraft:birch_log":101,"minecraft:fire":7,"minecraft:lilac":19,"minecraft:birch_leaves":6,"minecraft:peony":14,"minecraft:short_grass":13,"minecraft:coal_ore":4,"minecraft:cave_vines":1,"minecraft:deepslate_iron_ore":16,"minecraft:rose_bush":21,"minecraft:deepslate":5},"minecraft:killed":{"minecraft:skeleton":1,"minecraft:cave_spider":1,"minecraft:zombie":1,"minecraft:chicken":1,"minecraft:glow_squid":1},"minecraft:crafted":{"minecraft:crafting_table":2,"minecraft:stick":8,"minecraft:stone_pickaxe":1,"minecraft:wooden_pickaxe":1,"minecraft:wooden_axe":3,"minecraft:birch_planks":68},"minecraft:broken":{"minecraft:wooden_axe":1},"minecraft:picked_up":{"minecraft:birch_log":100,"minecraft:raw_iron":15,"minecraft:stick":2,"minecraft:cooked_beef":7,"minecraft:lilac":19,"minecraft:chicken":1,"minecraft:glow_ink_sac":3,"minecraft:chest_minecart":1,"minecraft:shield":1,"minecraft:white_bed":2,"minecraft:string":1,"minecraft:moss_carpet":7,"minecraft:bone":1,"minecraft:arrow":5,"minecraft:rotten_flesh":1,"minecraft:tropical_fish":1,"minecraft:wheat_seeds":8,"minecraft:peony":14,"minecraft:cobbled_deepslate":7,"minecraft:detector_rail":3,"minecraft:spore_blossom":3,"minecraft:rose_bush":20,"minecraft:melon_seeds":2,"minecraft:glow_berries":1,"minecraft:birch_sapling":1,"minecraft:flowering_azalea":3,"minecraft:coal":4,"minecraft:rail":5},"minecraft:used":{"minecraft:wooden_axe":125,"minecraft:birch_planks":31,"minecraft:stone_pickaxe":19,"minecraft:wooden_pickaxe":8,"minecraft:crafting_table":2,"minecraft:birch_log":6,"minecraft:white_bed":1,"minecraft:cooked_beef":6},"minecraft:dropped":{"minecraft:torch":10,"minecraft:melon_seeds":2,"minecraft:stone_pickaxe":1}},"DataVersion":3955}