{"stats":{"minecraft:custom":{"minecraft:interact_with_crafting_table":43,"minecraft:leave_game":15,"minecraft:time_since_death":561440,"minecraft:damage_resisted":0,"minecraft:sprint_one_cm":1265430,"minecraft:damage_blocked_by_shield":7179,"minecraft:drop":187,"minecraft:talked_to_villager":1,"minecraft:play_time":647082,"minecraft:deaths":4,"minecraft:jump":9756,"minecraft:walk_on_water_one_cm":34295,"minecraft:interact_with_furnace":4,"minecraft:sleep_in_bed":22,"minecraft:damage_dealt":28181,"minecraft:player_kills":1,"minecraft:crouch_one_cm":110067,"minecraft:horse_one_cm":75010,"minecraft:mob_kills":155,"minecraft:interact_with_anvil":9,"minecraft:damage_dealt_resisted":0,"minecraft:climb_one_cm":1950,"minecraft:walk_one_cm":1126180,"minecraft:raid_win":1,"minecraft:sneak_time":35915,"minecraft:walk_under_water_one_cm":4802,"minecraft:boat_one_cm":91170,"minecraft:interact_with_blast_furnace":6,"minecraft:total_world_time":647082,"minecraft:raid_trigger":1,"minecraft:interact_with_stonecutter":1,"minecraft:time_since_rest":90020,"minecraft:damage_taken":6905,"minecraft:trigger_trapped_chest":7,"minecraft:swim_one_cm":33598,"minecraft:fly_one_cm":4680629,"minecraft:open_chest":305,"minecraft:fall_one_cm":262160},"minecraft:mined":{"minecraft:spruce_planks":6,"minecraft:white_bed":2,"minecraft:spruce_trapdoor":4,"minecraft:grass_block":601,"minecraft:jungle_log":15,"minecraft:iron_ore":67,"minecraft:fire":1,"minecraft:spruce_slab":1,"minecraft:quartz_block":75,"minecraft:torch":8,"minecraft:chest":1,"minecraft:glass":3,"minecraft:cobblestone":187,"minecraft:grindstone":1,"minecraft:oak_planks":4,"minecraft:wall_torch":1,"minecraft:birch_log":228,"minecraft:tnt":15,"minecraft:grass":85,"minecraft:oak_log":918,"minecraft:dirt":440,"minecraft:oak_leaves":96,"minecraft:deepslate":15,"minecraft:jungle_planks":12,"minecraft:hay_block":13,"minecraft:andesite":378,"minecraft:bell":3,"minecraft:bookshelf":12,"minecraft:deepslate_iron_ore":22,"minecraft:vine":5,"minecraft:stone":3537,"minecraft:crafting_table":5,"minecraft:tall_grass":9,"minecraft:copper_ore":39,"minecraft:diorite":2,"minecraft:spruce_stairs":2,"minecraft:birch_planks":111,"minecraft:birch_leaves":1,"minecraft:bee_nest":1,"minecraft:coal_ore":98,"minecraft:gravel":114,"minecraft:flower_pot":1,"minecraft:gold_ore":7,"minecraft:fern":1},"minecraft:picked_up":{"minecraft:iron_chestplate":3,"minecraft:wheat":2,"minecraft:flower_pot":8,"minecraft:lead":2,"minecraft:enchanted_book":13,"minecraft:stone_brick_stairs":8,"minecraft:string":26,"minecraft:raw_copper":138,"minecraft:iron_leggings":4,"minecraft:diamond_leggings":2,"minecraft:cobbled_deepslate":15,"minecraft:spruce_planks":19,"minecraft:rose_bush":1,"minecraft:azalea":4,"minecraft:iron_pickaxe":3,"minecraft:iron_boots":2,"minecraft:stick":167,"apotheosis:gem":24,"minecraft:torch":36,"minecraft:spruce_stairs":3,"minecraft:porkchop":20,"minecraft:diorite":7,"minecraft:quartz_block":74,"minecraft:rotten_flesh":27,"minecraft:cobblestone":3597,"minecraft:birch_log":234,"minecraft:feather":2,"minecraft:cooked_beef":32,"minecraft:jungle_log":15,"minecraft:andesite":378,"minecraft:flint":6,"minecraft:dirt":1078,"minecraft:name_tag":5,"minecraft:bone":50,"minecraft:bow":3,"minecraft:wheat_seeds":11,"minecraft:raw_gold":7,"minecraft:bell":3,"minecraft:grindstone":1,"minecraft:diamond_helmet":1,"minecraft:oak_planks":152,"minecraft:jungle_planks":22,"minecraft:lily_of_the_valley":3,"minecraft:trapped_chest":2,"minecraft:emerald":7,"minecraft:oak_sapling":167,"minecraft:crafting_table":8,"minecraft:chicken":3,"minecraft:leather_leggings":1,"minecraft:wooden_pickaxe":2,"minecraft:stone_brick_wall":4,"minecraft:shield":2,"minecraft:cornflower":1,"minecraft:iron_axe":5,"minecraft:wooden_sword":1,"minecraft:item_frame":4,"minecraft:iron_shovel":2,"minecraft:beef":28,"minecraft:oak_boat":1,"minecraft:jungle_sapling":1,"minecraft:poppy":2,"minecraft:spruce_slab":14,"minecraft:light_gray_wool":1,"minecraft:sugar_cane":24,"minecraft:chest":2,"minecraft:birch_sapling":36,"minecraft:spruce_trapdoor":15,"minecraft:egg":2,"minecraft:raw_iron":190,"minecraft:mangrove_sign":1,"minecraft:trident":2,"minecraft:redstone":2,"minecraft:tnt":21,"minecraft:arrow":44,"minecraft:hay_block":58,"minecraft:saddle":2,"minecraft:totem_of_undying":4,"minecraft:mutton":45,"minecraft:white_wool":21,"minecraft:leather":10,"minecraft:filled_map":2,"minecraft:birch_planks":110,"minecraft:oak_log":904,"minecraft:gunpowder":2,"minecraft:cobblestone_wall":23,"minecraft:white_banner":7,"minecraft:apple":37,"minecraft:stone_bricks":45,"minecraft:iron_sword":4,"minecraft:flowering_azalea":2,"minecraft:book":57,"minecraft:gravel":98,"minecraft:lava_bucket":1,"minecraft:white_bed":3,"minecraft:spider_eye":1,"minecraft:iron_helmet":1,"minecraft:black_wool":1,"minecraft:coal":102},"minecraft:crafted":{"minecraft:oak_planks":1060,"minecraft:diamond_shovel":1,"minecraft:chest":13,"minecraft:crafting_table":3,"minecraft:spruce_planks":1024,"minecraft:wooden_pickaxe":1,"minecraft:birch_planks":256,"minecraft:spruce_trapdoor":64,"minecraft:diamond_pickaxe":2,"minecraft:shield":2,"minecraft:stick":28,"minecraft:iron_ingot":111,"minecraft:iron_pickaxe":3,"minecraft:wooden_sword":1,"minecraft:flint_and_steel":1,"minecraft:spruce_stairs":120,"minecraft:iron_axe":2,"minecraft:spruce_slab":126,"minecraft:enchanting_table":1,"minecraft:iron_sword":2,"minecraft:air":0,"minecraft:jungle_planks":60,"minecraft:oak_boat":1,"minecraft:wooden_axe":1,"minecraft:white_bed":1,"minecraft:torch":108},"minecraft:killed_by":{"minecraft:creeper":1,"minecraft:skeleton":2},"minecraft:used":{"minecraft:iron_shovel":252,"minecraft:spruce_slab":461,"minecraft:chest":15,"minecraft:shield":106,"minecraft:stone":15,"minecraft:iron_sword":286,"minecraft:quartz_stairs":1,"minecraft:bell":5,"minecraft:farmland":962,"minecraft:iron_chestplate":2,"minecraft:jungle_planks":43,"minecraft:deepslate_brick_slab":54,"minecraft:obsidian":14,"minecraft:polished_blackstone_slab":10,"minecraft:glass":79,"minecraft:lava_bucket":10,"minecraft:lantern":36,"minecraft:grass_block":31,"minecraft:quartz_block":677,"minecraft:iron_helmet":1,"minecraft:raw_gold_block":2,"minecraft:stone_bricks":396,"minecraft:birch_button":8,"minecraft:reinforced_deepslate":3,"minecraft:bow":5,"minecraft:hay_block":13,"minecraft:furnace":1,"minecraft:oak_sapling":1,"minecraft:egg":2,"minecraft:mossy_stone_bricks":8,"minecraft:diorite":2,"minecraft:leather_leggings":1,"minecraft:spruce_door":2,"minecraft:blackstone_stairs":44,"minecraft:oak_planks":20,"minecraft:wooden_pickaxe":26,"minecraft:diamond_axe":1321,"minecraft:sugar_cane":22,"minecraft:white_wool":63,"minecraft:blast_furnace":1,"minecraft:stone_brick_wall":64,"minecraft:deepslate_brick_stairs":11,"minecraft:dark_oak_log":302,"minecraft:stone_button":1,"minecraft:wooden_sword":52,"minecraft:grindstone":1,"minecraft:dark_oak_fence":187,"minecraft:andesite":10,"minecraft:smooth_stone_slab":235,"minecraft:oak_boat":1,"minecraft:oak_hanging_sign":1,"minecraft:golden_pickaxe":2,"minecraft:oak_trapdoor":3,"minecraft:trident":54,"minecraft:rose_bush":1,"minecraft:enchanting_table":3,"minecraft:flint_and_steel":6,"minecraft:red_concrete":41,"minecraft:zombie_villager_spawn_egg":1,"minecraft:spruce_planks":320,"minecraft:mangrove_fence":31,"minecraft:stone_hoe":836,"minecraft:cooked_chicken":31,"minecraft:torch":83,"minecraft:dirt":554,"minecraft:anvil":1,"minecraft:spruce_stairs":213,"minecraft:diamond_helmet":1,"minecraft:jungle_trapdoor":16,"minecraft:spruce_fence":37,"minecraft:shroomlight":11,"minecraft:stone_brick_slab":8,"minecraft:wooden_axe":38,"minecraft:bookshelf":55,"minecraft:iron_axe":454,"minecraft:oak_stairs":30,"minecraft:polished_blackstone_brick_stairs":62,"minecraft:bamboo":40,"minecraft:cooked_beef":75,"minecraft:cobbled_deepslate":22,"minecraft:iron_leggings":1,"minecraft:wheat_seeds":1492,"minecraft:water_bucket":57,"minecraft:birch_planks":311,"minecraft:stonecutter":1,"minecraft:mangrove_trapdoor":8,"minecraft:crafting_table":8,"minecraft:white_bed":5,"minecraft:mangrove_sign":14,"minecraft:spruce_log":1,"minecraft:dark_oak_door":2,"minecraft:oak_log":5,"minecraft:diamond_pickaxe":3954,"minecraft:black_wool":1,"minecraft:diamond_shovel":977,"minecraft:oak_button":25,"minecraft:iron_pickaxe":465,"minecraft:spruce_trapdoor":60,"minecraft:cobblestone":902,"minecraft:red_concrete_powder":1,"minecraft:white_banner":1,"minecraft:bucket":2,"minecraft:glass_pane":5,"minecraft:polished_blackstone_button":7},"minecraft:broken":{"minecraft:iron_shovel":1,"minecraft:wooden_sword":1,"minecraft:iron_axe":1},"minecraft:killed":{"minecraft:witch":4,"minecraft:spider":7,"minecraft:skeleton":24,"minecraft:bee":1,"minecraft:chicken":3,"minecraft:magma_cube":1,"minecraft:pig":9,"minecraft:creeper":4,"minecraft:sheep":17,"minecraft:pillager":24,"minecraft:zombie":19,"minecraft:cow":4,"minecraft:evoker":4,"minecraft:vex":4,"minecraft:vindicator":19,"minecraft:wandering_trader":1,"minecraft:ravager":2,"minecraft:wither_skeleton":2},"minecraft:dropped":{"minecraft:iron_sword":2,"minecraft:porkchop":7,"minecraft:oak_log":1,"minecraft:golden_pickaxe":1,"minecraft:crafting_table":1,"minecraft:jungle_planks":10,"minecraft:saddle":2,"minecraft:item_frame":4,"minecraft:dirt":39,"minecraft:mutton":20,"minecraft:jungle_sapling":1,"minecraft:iron_pickaxe":2,"minecraft:birch_log":15,"minecraft:white_wool":3,"minecraft:gold_ingot":3,"minecraft:bone":17,"minecraft:gravel":1,"minecraft:sugar_cane":1,"minecraft:cobbled_deepslate":8,"minecraft:birch_sapling":21,"minecraft:wheat":2,"minecraft:rotten_flesh":27,"minecraft:oak_planks":6,"minecraft:poppy":2,"minecraft:trident":3,"minecraft:stone_brick_wall":4,"apotheosis:gem":14,"minecraft:azalea":4,"minecraft:spruce_slab":11,"minecraft:arrow":16,"minecraft:beef":20,"minecraft:stone_brick_stairs":8,"minecraft:enchanted_book":6,"minecraft:wheat_seeds":11,"minecraft:diamond_leggings":1,"minecraft:feather":2,"minecraft:cobblestone":383,"minecraft:book":9,"minecraft:apple":1,"minecraft:spruce_stairs":1,"minecraft:lava_bucket":1,"minecraft:diorite":5,"minecraft:iron_leggings":3,"minecraft:flowering_azalea":2,"minecraft:iron_axe":3,"minecraft:iron_shovel":1,"minecraft:trapped_chest":1,"minecraft:redstone":2,"minecraft:cobblestone_wall":17,"minecraft:raw_copper":4,"minecraft:light_gray_wool":1,"minecraft:iron_boots":1,"minecraft:lily_of_the_valley":2,"minecraft:filled_map":2,"minecraft:hay_block":45,"minecraft:shield":1,"minecraft:flower_pot":5,"minecraft:spruce_trapdoor":11,"minecraft:spruce_planks":3,"minecraft:iron_chestplate":1,"minecraft:oak_sapling":98,"minecraft:stone_bricks":33,"minecraft:spider_eye":1,"minecraft:bow":1,"minecraft:wooden_pickaxe":2}},"DataVersion":3465}