{"stats":{"minecraft:killed":{"minecraft:spider":6,"minecraft:skeleton":20,"minecraft:bee":1,"minecraft:chicken":3,"minecraft:magma_cube":1,"minecraft:pig":8,"minecraft:creeper":3,"minecraft:sheep":17,"minecraft:zombie":12,"minecraft:wither_skeleton":2,"minecraft:cow":4},"minecraft:custom":{"minecraft:interact_with_anvil":7,"minecraft:mob_kills":81,"minecraft:interact_with_crafting_table":35,"minecraft:damage_dealt_resisted":0,"minecraft:leave_game":10,"minecraft:time_since_death":332130,"minecraft:climb_one_cm":1950,"minecraft:damage_resisted":0,"minecraft:sprint_one_cm":809623,"minecraft:walk_one_cm":744300,"minecraft:damage_blocked_by_shield":4974,"minecraft:drop":135,"minecraft:talked_to_villager":1,"minecraft:play_time":417772,"minecraft:sneak_time":19216,"minecraft:deaths":4,"minecraft:walk_under_water_one_cm":3140,"minecraft:boat_one_cm":91170,"minecraft:jump":6105,"minecraft:interact_with_blast_furnace":5,"minecraft:walk_on_water_one_cm":20192,"minecraft:total_world_time":417772,"minecraft:interact_with_furnace":4,"minecraft:sleep_in_bed":11,"minecraft:time_since_rest":4058,"minecraft:damage_taken":3619,"minecraft:trigger_trapped_chest":7,"minecraft:damage_dealt":12827,"minecraft:swim_one_cm":32125,"minecraft:fly_one_cm":3077795,"minecraft:open_chest":204,"minecraft:crouch_one_cm":65835,"minecraft:fall_one_cm":158620,"minecraft:horse_one_cm":75010},"minecraft:used":{"minecraft:oak_trapdoor":3,"minecraft:rose_bush":1,"minecraft:trident":10,"minecraft:enchanting_table":3,"minecraft:iron_shovel":252,"minecraft:flint_and_steel":2,"minecraft:spruce_slab":387,"minecraft:zombie_villager_spawn_egg":1,"minecraft:chest":15,"minecraft:spruce_planks":320,"minecraft:shield":78,"minecraft:iron_sword":149,"minecraft:quartz_stairs":1,"minecraft:farmland":962,"minecraft:cooked_chicken":31,"minecraft:stone_hoe":836,"minecraft:iron_chestplate":2,"minecraft:torch":68,"minecraft:dirt":538,"minecraft:anvil":1,"minecraft:jungle_planks":43,"minecraft:spruce_stairs":125,"minecraft:diamond_helmet":1,"minecraft:spruce_fence":37,"minecraft:obsidian":14,"minecraft:glass":9,"minecraft:polished_blackstone_slab":10,"minecraft:wooden_axe":38,"minecraft:lava_bucket":2,"minecraft:bookshelf":55,"minecraft:lantern":36,"minecraft:iron_axe":454,"minecraft:grass_block":24,"minecraft:oak_stairs":30,"minecraft:quartz_block":406,"minecraft:iron_helmet":1,"minecraft:polished_blackstone_brick_stairs":62,"minecraft:stone_bricks":396,"minecraft:birch_button":8,"minecraft:bow":5,"minecraft:hay_block":13,"minecraft:oak_sapling":1,"minecraft:furnace":1,"minecraft:egg":1,"minecraft:cooked_beef":30,"minecraft:cobbled_deepslate":7,"minecraft:iron_leggings":1,"minecraft:wheat_seeds":1492,"minecraft:water_bucket":56,"minecraft:diorite":2,"minecraft:leather_leggings":1,"minecraft:spruce_door":2,"minecraft:birch_planks":25,"minecraft:oak_planks":20,"minecraft:blackstone_stairs":44,"minecraft:wooden_pickaxe":26,"minecraft:diamond_axe":212,"minecraft:white_wool":63,"minecraft:crafting_table":8,"minecraft:blast_furnace":1,"minecraft:white_bed":5,"minecraft:stone_brick_wall":60,"minecraft:spruce_log":1,"minecraft:deepslate_brick_stairs":1,"minecraft:dark_oak_door":2,"minecraft:oak_log":5,"minecraft:black_wool":1,"minecraft:diamond_pickaxe":2302,"minecraft:diamond_shovel":950,"minecraft:dark_oak_log":302,"minecraft:iron_pickaxe":465,"minecraft:stone_button":1,"minecraft:oak_button":25,"minecraft:spruce_trapdoor":12,"minecraft:wooden_sword":52,"minecraft:cobblestone":387,"minecraft:dark_oak_fence":187,"minecraft:bucket":1,"minecraft:andesite":8,"minecraft:glass_pane":5,"minecraft:oak_boat":1,"minecraft:oak_hanging_sign":1,"minecraft:golden_pickaxe":2},"minecraft:killed_by":{"minecraft:creeper":1,"minecraft:skeleton":2},"minecraft:dropped":{"minecraft:enchanted_book":6,"minecraft:porkchop":7,"minecraft:wheat_seeds":7,"minecraft:golden_pickaxe":1,"minecraft:crafting_table":1,"minecraft:feather":2,"minecraft:cobblestone":89,"minecraft:book":9,"minecraft:apple":1,"minecraft:jungle_planks":10,"minecraft:saddle":2,"minecraft:spruce_stairs":1,"minecraft:item_frame":4,"minecraft:lava_bucket":1,"minecraft:dirt":18,"minecraft:diorite":5,"minecraft:mutton":8,"minecraft:iron_leggings":3,"minecraft:jungle_sapling":1,"minecraft:flowering_azalea":2,"minecraft:iron_axe":1,"minecraft:iron_pickaxe":1,"minecraft:trapped_chest":1,"minecraft:birch_log":15,"minecraft:white_wool":2,"minecraft:gold_ingot":3,"minecraft:bone":5,"minecraft:sugar_cane":1,"minecraft:cobbled_deepslate":3,"minecraft:cobblestone_wall":17,"minecraft:rotten_flesh":24,"minecraft:light_gray_wool":1,"minecraft:oak_planks":2,"minecraft:iron_boots":1,"minecraft:lily_of_the_valley":2,"minecraft:flower_pot":5,"minecraft:trident":3,"minecraft:spruce_trapdoor":11,"minecraft:spruce_planks":3,"minecraft:iron_chestplate":1,"minecraft:azalea":4,"minecraft:stone_brick_wall":4,"apotheosis:gem":13,"minecraft:oak_sapling":43,"minecraft:spider_eye":1,"minecraft:stone_bricks":33,"minecraft:spruce_slab":11,"minecraft:arrow":16,"minecraft:bow":1,"minecraft:wooden_pickaxe":2,"minecraft:stone_brick_stairs":8},"minecraft:mined":{"minecraft:spruce_planks":6,"minecraft:white_bed":2,"minecraft:grass_block":583,"minecraft:jungle_planks":12,"minecraft:jungle_log":15,"minecraft:hay_block":13,"minecraft:iron_ore":67,"minecraft:fire":1,"minecraft:andesite":279,"minecraft:bookshelf":12,"minecraft:deepslate_iron_ore":20,"minecraft:vine":5,"minecraft:stone":2193,"minecraft:quartz_block":9,"minecraft:crafting_table":5,"minecraft:torch":8,"minecraft:chest":1,"minecraft:glass":1,"minecraft:copper_ore":29,"minecraft:tall_grass":9,"minecraft:cobblestone":81,"minecraft:oak_planks":4,"minecraft:diorite":2,"minecraft:wall_torch":1,"minecraft:birch_planks":9,"minecraft:birch_log":79,"minecraft:birch_leaves":1,"minecraft:tnt":15,"minecraft:bee_nest":1,"minecraft:grass":55,"minecraft:oak_log":339,"minecraft:coal_ore":87,"minecraft:gravel":111,"minecraft:flower_pot":1,"minecraft:dirt":425,"minecraft:gold_ore":7,"minecraft:oak_leaves":47,"minecraft:deepslate":7,"minecraft:fern":1},"minecraft:broken":{"minecraft:iron_shovel":1,"minecraft:iron_axe":1,"minecraft:wooden_sword":1},"minecraft:crafted":{"minecraft:wooden_sword":1,"minecraft:oak_planks":1060,"minecraft:diamond_shovel":1,"minecraft:flint_and_steel":1,"minecraft:spruce_stairs":40,"minecraft:iron_axe":2,"minecraft:chest":13,"minecraft:crafting_table":3,"minecraft:spruce_planks":1024,"minecraft:enchanting_table":1,"minecraft:wooden_pickaxe":1,"minecraft:iron_sword":2,"minecraft:birch_planks":256,"minecraft:air":0,"minecraft:jungle_planks":60,"minecraft:oak_boat":1,"minecraft:spruce_trapdoor":20,"minecraft:diamond_pickaxe":1,"minecraft:shield":1,"minecraft:stick":28,"minecraft:iron_ingot":111,"minecraft:iron_pickaxe":3,"minecraft:wooden_axe":1,"minecraft:white_bed":1,"minecraft:torch":108},"minecraft:picked_up":{"minecraft:crafting_table":8,"minecraft:iron_chestplate":3,"minecraft:chicken":3,"minecraft:flower_pot":8,"minecraft:leather_leggings":1,"minecraft:wooden_pickaxe":2,"minecraft:stone_brick_wall":4,"minecraft:enchanted_book":13,"minecraft:stone_brick_stairs":8,"minecraft:shield":1,"minecraft:cornflower":1,"minecraft:string":26,"minecraft:raw_copper":99,"minecraft:iron_axe":2,"minecraft:wooden_sword":1,"minecraft:iron_leggings":4,"minecraft:item_frame":4,"minecraft:iron_shovel":1,"minecraft:diamond_leggings":1,"minecraft:cobbled_deepslate":10,"minecraft:spruce_planks":19,"minecraft:beef":8,"minecraft:oak_boat":1,"minecraft:rose_bush":1,"minecraft:jungle_sapling":1,"minecraft:azalea":4,"minecraft:light_gray_wool":1,"minecraft:iron_pickaxe":2,"minecraft:spruce_slab":12,"minecraft:sugar_cane":1,"minecraft:chest":1,"minecraft:birch_sapling":15,"minecraft:spruce_trapdoor":11,"minecraft:iron_boots":2,"minecraft:egg":1,"minecraft:stick":92,"minecraft:raw_iron":188,"apotheosis:gem":22,"minecraft:torch":28,"minecraft:spruce_stairs":1,"minecraft:porkchop":19,"minecraft:diorite":7,"minecraft:trident":2,"minecraft:tnt":21,"minecraft:quartz_block":9,"minecraft:arrow":43,"minecraft:rotten_flesh":24,"minecraft:hay_block":13,"minecraft:saddle":2,"minecraft:mutton":33,"minecraft:white_wool":20,"minecraft:cobblestone":2311,"minecraft:birch_log":85,"minecraft:feather":2,"minecraft:cooked_beef":32,"minecraft:andesite":279,"minecraft:jungle_log":15,"minecraft:leather":10,"minecraft:birch_planks":9,"minecraft:flint":6,"minecraft:oak_log":334,"minecraft:cobblestone_wall":23,"minecraft:gunpowder":2,"minecraft:dirt":1025,"minecraft:name_tag":5,"minecraft:bone":44,"minecraft:apple":15,"minecraft:stone_bricks":45,"minecraft:bow":3,"minecraft:wheat_seeds":7,"minecraft:raw_gold":7,"minecraft:diamond_helmet":1,"minecraft:iron_sword":2,"minecraft:oak_planks":148,"minecraft:flowering_azalea":2,"minecraft:book":57,"minecraft:lava_bucket":1,"minecraft:gravel":97,"minecraft:jungle_planks":22,"minecraft:white_bed":3,"minecraft:lily_of_the_valley":3,"minecraft:trapped_chest":2,"minecraft:spider_eye":1,"minecraft:iron_helmet":1,"minecraft:oak_sapling":112,"minecraft:black_wool":1,"minecraft:coal":91}},"DataVersion":3465}