{"stats":{"minecraft:crafted":{"minecraft:crafting_table":1,"minecraft:spruce_planks":24,"minecraft:stick":8,"minecraft:wooden_pickaxe":1,"minecraft:stone_pickaxe":1,"minecraft:stone_sword":1,"minecraft:furnace":1,"minecraft:white_bed":1,"minecraft:stone_axe":1,"minecraft:air":0,"minecraft:cooked_mutton":7},"minecraft:killed":{"minecraft:sheep":5,"minecraft:skeleton":2},"minecraft:mined":{"minecraft:large_fern":3,"minecraft:furnace":1,"minecraft:iron_ore":3,"minecraft:spruce_log":6,"minecraft:crafting_table":2,"minecraft:grass_block":3,"minecraft:coal_ore":10,"minecraft:dirt":12,"minecraft:spruce_leaves":8,"minecraft:stone":29},"minecraft:used":{"minecraft:cooked_mutton":3,"minecraft:stone_sword":4,"minecraft:stone_pickaxe":35,"minecraft:wooden_pickaxe":8,"minecraft:stone_axe":16,"minecraft:crafting_table":2,"minecraft:furnace":1},"minecraft:dropped":{"minecraft:wheat_seeds":1},"minecraft:picked_up":{"minecraft:crafting_table":2,"minecraft:stick":2,"minecraft:raw_iron":3,"minecraft:spruce_log":6,"minecraft:dirt":15,"minecraft:bone":3,"minecraft:arrow":3,"minecraft:wheat_seeds":1,"minecraft:mutton":7,"minecraft:coal":19,"minecraft:white_wool":5,"minecraft:cobblestone":29,"minecraft:furnace":1},"minecraft:custom":{"minecraft:time_since_rest":10027,"minecraft:interact_with_furnace":5,"minecraft:sprint_one_cm":35351,"minecraft:damage_taken":55,"minecraft:walk_one_cm":11725,"minecraft:mob_kills":7,"minecraft:drop":1,"minecraft:damage_dealt":798,"minecraft:interact_with_crafting_table":4,"minecraft:fly_one_cm":74699,"minecraft:crouch_one_cm":5768,"minecraft:play_time":10027,"minecraft:sneak_time":1460,"minecraft:jump":319,"minecraft:time_since_death":10027,"minecraft:leave_game":2,"minecraft:walk_on_water_one_cm":746,"minecraft:total_world_time":10027,"minecraft:fall_one_cm":6868}},"DataVersion":3955}