{"stats":{"minecraft:killed":{"cobblemon:pokemon":3,"minecraft:spider":1},"minecraft:dropped":{"minecraft:rabbit_hide":1,"minecraft:sweet_berries":1,"cobblemon:poke_ball":32,"minecraft:mutton":1,"minecraft:rabbit":1,"minecraft:snowball":1,"minecraft:chicken":1,"minecraft:feather":1,"minecraft:rotten_flesh":2,"minecraft:spider_eye":2,"cobblemon:persim_berry":5,"cobblemon:red_apricorn":8},"minecraft:crafted":{"minecraft:crafting_table":1,"minecraft:spruce_planks":36,"minecraft:stick":12,"minecraft:iron_pickaxe":1,"minecraft:stone_sword":1,"minecraft:torch":16},"minecraft:used":{"minecraft:stone_sword":30,"minecraft:bread":20,"minecraft:spruce_planks":12,"minecraft:iron_pickaxe":116,"minecraft:iron_helmet":1,"minecraft:leather_chestplate":1,"minecraft:torch":3,"minecraft:spruce_sapling":1,"minecraft:white_carpet":10,"minecraft:crafting_table":1,"minecraft:red_bed":2},"minecraft:custom":{"minecraft:time_since_rest":17932,"minecraft:interact_with_furnace":1,"minecraft:sprint_one_cm":155462,"minecraft:damage_taken":462,"minecraft:walk_one_cm":85928,"minecraft:mob_kills":4,"minecraft:drop":16,"minecraft:damage_dealt":912,"minecraft:interact_with_crafting_table":3,"minecraft:fly_one_cm":439586,"minecraft:open_chest":8,"minecraft:crouch_one_cm":8013,"minecraft:play_time":57612,"minecraft:sneak_time":1801,"minecraft:jump":1534,"minecraft:interact_with_grindstone":3,"minecraft:leave_game":1,"minecraft:time_since_death":57612,"minecraft:walk_on_water_one_cm":281,"minecraft:sleep_in_bed":3,"minecraft:total_world_time":57612,"minecraft:fall_one_cm":46748},"minecraft:picked_up":{"minecraft:crafting_table":1,"minecraft:raw_iron":12,"minecraft:feather":1,"minecraft:chicken":1,"minecraft:sweet_berries":1,"cobblemon:red_apricorn":4,"minecraft:torch":3,"cobblemon:persim_berry":5,"minecraft:porkchop":5,"minecraft:spruce_sapling":1,"minecraft:spruce_log":9,"minecraft:raw_copper":83,"minecraft:spider_eye":2,"minecraft:blue_bed":1,"minecraft:red_bed":2,"cobblemon:white_apricorn":1,"minecraft:white_carpet":10,"minecraft:rotten_flesh":2,"cobblemon:poke_ball":2,"minecraft:spruce_planks":6,"minecraft:rabbit_hide":1,"minecraft:rabbit":1,"cobblemon:blue_apricorn":3,"minecraft:mutton":1,"minecraft:coal":44,"minecraft:snowball":1,"minecraft:white_wool":2,"minecraft:cobblestone":33},"minecraft:mined":{"minecraft:spruce_planks":6,"minecraft:red_bed":2,"minecraft:iron_ore":12,"minecraft:white_carpet":10,"minecraft:spruce_log":10,"minecraft:torch":3,"minecraft:crafting_table":1,"minecraft:grass":5,"minecraft:coal_ore":44,"minecraft:copper_ore":24,"minecraft:spruce_leaves":4,"minecraft:stone":33,"minecraft:blue_bed":1}},"DataVersion":3465}