{"stats":{"minecraft:killed":{"minecraft:pig":6,"cobblemon:pokemon":4,"minecraft:spider":2},"minecraft:dropped":{"minecraft:sweet_berries":1,"minecraft:wheat_seeds":1,"minecraft:chicken":1,"minecraft:feather":1,"minecraft:rotten_flesh":2,"cobblemon:persim_berry":5,"minecraft:rabbit_hide":1,"cobblemon:poke_ball":32,"minecraft:mutton":1,"minecraft:rabbit":1,"minecraft:snowball":1,"minecraft:spider_eye":2,"minecraft:iron_pickaxe":1,"cobblemon:red_apricorn":8},"minecraft:crafted":{"minecraft:cooked_porkchop":22,"minecraft:crafting_table":1,"minecraft:spruce_planks":36,"minecraft:furnace":1,"minecraft:air":0,"minecraft:stick":12,"minecraft:iron_pickaxe":1,"minecraft:stone_sword":1,"minecraft:torch":16},"minecraft:used":{"minecraft:stone_sword":79,"minecraft:spruce_planks":12,"minecraft:leather_chestplate":1,"minecraft:torch":3,"minecraft:dirt":1,"minecraft:white_carpet":18,"minecraft:crafting_table":2,"minecraft:red_bed":2,"cobblemon:healing_machine":1,"minecraft:bread":21,"minecraft:iron_pickaxe":122,"minecraft:iron_helmet":1,"minecraft:spruce_sapling":1,"minecraft:furnace":1,"minecraft:cooked_porkchop":3},"minecraft:custom":{"minecraft:interact_with_furnace":8,"minecraft:mob_kills":12,"minecraft:interact_with_crafting_table":4,"minecraft:interact_with_grindstone":3,"minecraft:leave_game":1,"minecraft:time_since_death":69612,"minecraft:sleep_in_bed":3,"minecraft:time_since_rest":29932,"minecraft:sprint_one_cm":199301,"minecraft:damage_taken":541,"minecraft:walk_one_cm":107090,"minecraft:drop":18,"minecraft:damage_dealt":2084,"minecraft:swim_one_cm":1247,"minecraft:fly_one_cm":551636,"minecraft:open_chest":8,"minecraft:crouch_one_cm":8269,"minecraft:play_time":69612,"minecraft:sneak_time":1908,"minecraft:walk_under_water_one_cm":74,"minecraft:jump":1972,"minecraft:walk_on_water_one_cm":682,"minecraft:total_world_time":69612,"minecraft:fall_one_cm":62740},"minecraft:picked_up":{"minecraft:crafting_table":2,"minecraft:feather":1,"minecraft:chicken":1,"cobblemon:red_apricorn":4,"minecraft:red_bed":2,"minecraft:blue_bed":1,"minecraft:dirt":1,"minecraft:raw_copper":83,"minecraft:white_carpet":18,"cobblemon:white_apricorn":1,"minecraft:wheat_seeds":1,"minecraft:rabbit_hide":1,"minecraft:spruce_planks":6,"minecraft:iron_pickaxe":1,"minecraft:rabbit":1,"minecraft:furnace":1,"minecraft:raw_iron":12,"cobblemon:pc":1,"minecraft:sweet_berries":1,"minecraft:torch":3,"minecraft:porkchop":22,"minecraft:spruce_sapling":1,"cobblemon:persim_berry":5,"minecraft:spruce_log":9,"minecraft:spider_eye":2,"cobblemon:healing_machine":3,"minecraft:rotten_flesh":2,"cobblemon:poke_ball":2,"minecraft:mutton":1,"minecraft:coal":81,"cobblemon:blue_apricorn":3,"minecraft:snowball":1,"minecraft:white_wool":2,"minecraft:cobblestone":33},"minecraft:mined":{"cobblemon:healing_machine":3,"minecraft:spruce_planks":6,"minecraft:red_bed":2,"cobblemon:pc":1,"minecraft:crafting_table":2,"minecraft:torch":3,"minecraft:grass_block":1,"minecraft:tall_grass":6,"minecraft:copper_ore":24,"minecraft:spruce_leaves":4,"minecraft:blue_bed":1,"minecraft:furnace":1,"minecraft:iron_ore":12,"minecraft:spruce_log":10,"minecraft:white_carpet":18,"minecraft:grass":12,"minecraft:coal_ore":44,"minecraft:stone":33}},"DataVersion":3465}