{"stats":{"minecraft:mined":{"minecraft:spruce_planks":4,"minecraft:white_bed":2,"minecraft:grass_block":308,"minecraft:jungle_planks":12,"minecraft:jungle_log":15,"minecraft:hay_block":11,"minecraft:iron_ore":67,"minecraft:bookshelf":12,"minecraft:deepslate_iron_ore":20,"minecraft:vine":5,"minecraft:stone":256,"minecraft:crafting_table":5,"minecraft:torch":2,"minecraft:tall_grass":9,"minecraft:cobblestone":1,"minecraft:oak_planks":4,"minecraft:diorite":2,"minecraft:wall_torch":1,"minecraft:birch_log":79,"minecraft:birch_leaves":1,"minecraft:bee_nest":1,"minecraft:tnt":12,"minecraft:grass":33,"minecraft:oak_log":332,"minecraft:coal_ore":14,"minecraft:flower_pot":1,"minecraft:dirt":87,"minecraft:gold_ore":7,"minecraft:oak_leaves":47,"minecraft:deepslate":7,"minecraft:fern":1},"minecraft:dropped":{"minecraft:enchanted_book":6,"minecraft:porkchop":3,"minecraft:wheat_seeds":6,"minecraft:golden_pickaxe":1,"minecraft:crafting_table":1,"minecraft:feather":2,"minecraft:book":9,"minecraft:apple":1,"minecraft:jungle_planks":10,"minecraft:saddle":2,"minecraft:spruce_stairs":1,"minecraft:item_frame":4,"minecraft:diorite":5,"minecraft:mutton":7,"minecraft:iron_leggings":3,"minecraft:jungle_sapling":1,"minecraft:flowering_azalea":2,"minecraft:iron_axe":1,"minecraft:iron_pickaxe":1,"minecraft:birch_log":6,"minecraft:trapped_chest":1,"minecraft:gold_ingot":3,"minecraft:bone":1,"minecraft:cobblestone_wall":17,"minecraft:cobbled_deepslate":3,"minecraft:rotten_flesh":22,"minecraft:light_gray_wool":1,"minecraft:oak_planks":2,"minecraft:lily_of_the_valley":2,"minecraft:flower_pot":5,"minecraft:spruce_trapdoor":11,"minecraft:spruce_planks":2,"minecraft:iron_chestplate":1,"minecraft:stone_brick_wall":4,"apotheosis:gem":13,"minecraft:azalea":4,"minecraft:oak_sapling":35,"minecraft:stone_bricks":33,"minecraft:spider_eye":1,"minecraft:spruce_slab":11,"minecraft:arrow":16,"minecraft:bow":1,"minecraft:wooden_pickaxe":2,"minecraft:stone_brick_stairs":8},"minecraft:used":{"minecraft:rose_bush":1,"minecraft:iron_shovel":252,"minecraft:chest":4,"minecraft:shield":78,"minecraft:iron_sword":125,"minecraft:cooked_chicken":31,"minecraft:iron_chestplate":2,"minecraft:torch":51,"minecraft:dirt":372,"minecraft:anvil":1,"minecraft:jungle_planks":43,"minecraft:diamond_helmet":1,"minecraft:wooden_axe":38,"minecraft:iron_axe":454,"minecraft:grass_block":1,"minecraft:iron_helmet":1,"minecraft:bow":5,"minecraft:oak_sapling":1,"minecraft:furnace":1,"minecraft:egg":1,"minecraft:cooked_beef":16,"minecraft:cobbled_deepslate":7,"minecraft:iron_leggings":1,"minecraft:diorite":2,"minecraft:leather_leggings":1,"minecraft:oak_planks":20,"minecraft:wooden_pickaxe":26,"minecraft:diamond_axe":143,"minecraft:crafting_table":7,"minecraft:blast_furnace":1,"minecraft:white_bed":5,"minecraft:oak_log":5,"minecraft:black_wool":1,"minecraft:diamond_shovel":132,"minecraft:iron_pickaxe":349,"minecraft:wooden_sword":52,"minecraft:cobblestone":5,"minecraft:oak_boat":1,"minecraft:golden_pickaxe":2},"minecraft:broken":{"minecraft:iron_shovel":1,"minecraft:iron_axe":1,"minecraft:wooden_sword":1},"minecraft:killed":{"minecraft:spider":6,"minecraft:skeleton":19,"minecraft:bee":1,"minecraft:chicken":3,"minecraft:pig":7,"minecraft:creeper":1,"minecraft:sheep":16,"minecraft:zombie":11,"minecraft:cow":4},"minecraft:custom":{"minecraft:interact_with_anvil":2,"minecraft:mob_kills":72,"minecraft:interact_with_crafting_table":20,"minecraft:damage_dealt_resisted":0,"minecraft:leave_game":4,"minecraft:time_since_death":60687,"minecraft:climb_one_cm":1950,"minecraft:damage_resisted":0,"minecraft:sprint_one_cm":494443,"minecraft:walk_one_cm":277319,"minecraft:damage_blocked_by_shield":4974,"minecraft:drop":111,"minecraft:play_time":146329,"minecraft:sneak_time":4372,"minecraft:deaths":4,"minecraft:walk_under_water_one_cm":3140,"minecraft:boat_one_cm":91170,"minecraft:jump":3724,"minecraft:interact_with_blast_furnace":4,"minecraft:walk_on_water_one_cm":15305,"minecraft:total_world_time":146329,"minecraft:interact_with_furnace":4,"minecraft:sleep_in_bed":3,"minecraft:time_since_rest":58768,"minecraft:damage_taken":3287,"minecraft:trigger_trapped_chest":6,"minecraft:damage_dealt":10231,"minecraft:swim_one_cm":32125,"minecraft:fly_one_cm":955816,"minecraft:open_chest":36,"minecraft:crouch_one_cm":13596,"minecraft:fall_one_cm":109025,"minecraft:horse_one_cm":75010},"minecraft:crafted":{"minecraft:wooden_sword":1,"minecraft:oak_planks":188,"minecraft:diamond_shovel":1,"minecraft:iron_axe":2,"minecraft:chest":4,"minecraft:crafting_table":2,"minecraft:wooden_pickaxe":1,"minecraft:iron_sword":2,"minecraft:air":0,"minecraft:jungle_planks":60,"minecraft:oak_boat":1,"minecraft:shield":1,"minecraft:iron_ingot":111,"minecraft:stick":28,"minecraft:iron_pickaxe":2,"minecraft:wooden_axe":1,"minecraft:white_bed":1,"minecraft:torch":108},"minecraft:picked_up":{"minecraft:crafting_table":8,"minecraft:iron_chestplate":3,"minecraft:chicken":3,"minecraft:flower_pot":8,"minecraft:leather_leggings":1,"minecraft:wooden_pickaxe":2,"minecraft:stone_brick_wall":4,"minecraft:enchanted_book":13,"minecraft:stone_brick_stairs":8,"minecraft:shield":1,"minecraft:cornflower":1,"minecraft:string":26,"minecraft:iron_axe":2,"minecraft:wooden_sword":1,"minecraft:iron_leggings":4,"minecraft:item_frame":4,"minecraft:iron_shovel":1,"minecraft:cobbled_deepslate":10,"minecraft:spruce_planks":17,"minecraft:beef":8,"minecraft:oak_boat":1,"minecraft:rose_bush":1,"minecraft:jungle_sapling":1,"minecraft:azalea":4,"minecraft:light_gray_wool":1,"minecraft:iron_pickaxe":2,"minecraft:spruce_slab":12,"minecraft:birch_sapling":15,"minecraft:spruce_trapdoor":11,"minecraft:iron_boots":1,"minecraft:egg":1,"minecraft:stick":85,"minecraft:raw_iron":188,"apotheosis:gem":20,"minecraft:torch":22,"minecraft:spruce_stairs":1,"minecraft:porkchop":15,"minecraft:diorite":7,"minecraft:tnt":18,"minecraft:arrow":42,"minecraft:rotten_flesh":22,"minecraft:hay_block":11,"minecraft:saddle":2,"minecraft:mutton":32,"minecraft:white_wool":19,"minecraft:cobblestone":306,"minecraft:birch_log":85,"minecraft:feather":2,"minecraft:cooked_beef":32,"minecraft:jungle_log":15,"minecraft:leather":10,"minecraft:oak_log":327,"minecraft:cobblestone_wall":23,"minecraft:dirt":394,"minecraft:name_tag":5,"minecraft:bone":38,"minecraft:apple":15,"minecraft:stone_bricks":45,"minecraft:bow":3,"minecraft:wheat_seeds":6,"minecraft:raw_gold":7,"minecraft:diamond_helmet":1,"minecraft:flowering_azalea":2,"minecraft:iron_sword":2,"minecraft:oak_planks":148,"minecraft:book":57,"minecraft:jungle_planks":22,"minecraft:white_bed":3,"minecraft:lily_of_the_valley":3,"minecraft:trapped_chest":2,"minecraft:spider_eye":1,"minecraft:iron_helmet":1,"minecraft:oak_sapling":104,"minecraft:black_wool":1,"minecraft:coal":18},"minecraft:killed_by":{"minecraft:creeper":1,"minecraft:skeleton":2}},"DataVersion":3465}