{"stats":{"minecraft:mined":{"minecraft:crafting_table":4,"minecraft:grass_block":2,"minecraft:jungle_log":15,"minecraft:oak_planks":1,"minecraft:diorite":1,"minecraft:wall_torch":1,"minecraft:iron_ore":14,"minecraft:birch_leaves":1,"minecraft:grass":13,"minecraft:oak_log":37,"minecraft:coal_ore":2,"minecraft:vine":5,"minecraft:stone":36,"minecraft:oak_leaves":18,"minecraft:fern":1},"minecraft:dropped":{"minecraft:enchanted_book":3,"minecraft:wheat_seeds":1,"minecraft:cobblestone_wall":17,"minecraft:golden_pickaxe":1,"minecraft:rotten_flesh":4,"minecraft:feather":2,"minecraft:light_gray_wool":1,"minecraft:saddle":2,"minecraft:spruce_stairs":1,"minecraft:item_frame":4,"minecraft:flower_pot":3,"minecraft:spruce_trapdoor":11,"minecraft:stone_brick_wall":4,"apotheosis:gem":8,"minecraft:oak_sapling":6,"minecraft:azalea":4,"minecraft:jungle_sapling":1,"minecraft:stone_bricks":33,"minecraft:spruce_slab":11,"minecraft:flowering_azalea":2,"minecraft:arrow":1,"minecraft:wooden_pickaxe":2,"minecraft:stone_brick_stairs":8,"minecraft:trapped_chest":1,"minecraft:bone":1},"minecraft:used":{"minecraft:leather_leggings":1,"minecraft:diorite":1,"minecraft:rose_bush":1,"minecraft:oak_planks":20,"minecraft:wooden_pickaxe":26,"minecraft:shield":25,"minecraft:iron_sword":41,"minecraft:cooked_chicken":17,"minecraft:iron_chestplate":1,"minecraft:torch":2,"minecraft:dirt":1,"minecraft:crafting_table":5,"minecraft:wooden_axe":38,"minecraft:black_wool":1,"minecraft:iron_axe":22,"minecraft:iron_pickaxe":27,"minecraft:iron_helmet":1,"minecraft:wooden_sword":52,"minecraft:oak_sapling":1,"minecraft:oak_boat":1,"minecraft:egg":1,"minecraft:golden_pickaxe":2},"minecraft:broken":{"minecraft:wooden_sword":1},"minecraft:killed":{"minecraft:pig":6,"minecraft:sheep":10,"minecraft:skeleton":3,"minecraft:bee":1,"minecraft:chicken":3,"minecraft:cow":4},"minecraft:custom":{"minecraft:mob_kills":27,"minecraft:interact_with_crafting_table":8,"minecraft:damage_dealt_resisted":0,"minecraft:leave_game":3,"minecraft:time_since_death":5256,"minecraft:climb_one_cm":1950,"minecraft:time_since_rest":5324,"minecraft:sprint_one_cm":177548,"minecraft:damage_taken":1768,"minecraft:walk_one_cm":69247,"minecraft:damage_blocked_by_shield":1350,"minecraft:trigger_trapped_chest":2,"minecraft:drop":48,"minecraft:damage_dealt":2819,"minecraft:swim_one_cm":20180,"minecraft:fly_one_cm":387216,"minecraft:open_chest":5,"minecraft:crouch_one_cm":5998,"minecraft:play_time":57917,"minecraft:deaths":3,"minecraft:sneak_time":1630,"minecraft:walk_under_water_one_cm":1817,"minecraft:boat_one_cm":91170,"minecraft:jump":1608,"minecraft:walk_on_water_one_cm":5829,"minecraft:total_world_time":57917,"minecraft:fall_one_cm":45663},"minecraft:crafted":{"minecraft:wooden_sword":1,"minecraft:oak_planks":148,"minecraft:crafting_table":2,"minecraft:wooden_pickaxe":1,"minecraft:iron_sword":2,"minecraft:jungle_planks":28,"minecraft:oak_boat":1,"minecraft:shield":1,"minecraft:iron_axe":1,"minecraft:stick":28,"minecraft:iron_pickaxe":2,"minecraft:wooden_axe":1,"minecraft:torch":12},"minecraft:picked_up":{"minecraft:crafting_table":5,"minecraft:iron_chestplate":1,"minecraft:feather":2,"minecraft:chicken":3,"minecraft:flower_pot":6,"minecraft:jungle_log":15,"minecraft:leather_leggings":1,"minecraft:leather":10,"minecraft:wooden_pickaxe":2,"minecraft:stone_brick_wall":4,"minecraft:enchanted_book":4,"minecraft:stone_brick_stairs":8,"minecraft:oak_log":37,"minecraft:cobblestone_wall":23,"minecraft:cornflower":1,"minecraft:dirt":1,"minecraft:wooden_sword":1,"minecraft:name_tag":3,"minecraft:item_frame":4,"minecraft:bone":4,"minecraft:stone_bricks":45,"minecraft:wheat_seeds":1,"minecraft:spruce_planks":14,"minecraft:beef":6,"minecraft:oak_boat":1,"minecraft:rose_bush":1,"minecraft:jungle_sapling":1,"minecraft:azalea":4,"minecraft:spruce_slab":12,"minecraft:light_gray_wool":1,"minecraft:flowering_azalea":2,"minecraft:oak_planks":145,"minecraft:spruce_trapdoor":11,"minecraft:egg":1,"minecraft:book":3,"minecraft:stick":15,"minecraft:raw_iron":9,"apotheosis:gem":14,"minecraft:torch":1,"minecraft:spruce_stairs":1,"minecraft:porkchop":12,"minecraft:diorite":1,"minecraft:lily_of_the_valley":2,"minecraft:trapped_chest":2,"minecraft:rotten_flesh":4,"minecraft:arrow":4,"minecraft:iron_helmet":1,"minecraft:black_wool":1,"minecraft:oak_sapling":7,"minecraft:mutton":24,"minecraft:coal":3,"minecraft:white_wool":13,"minecraft:cobblestone":53},"minecraft:killed_by":{"minecraft:skeleton":1,"minecraft:creeper":1}},"DataVersion":3465}