{"stats":{"minecraft:custom":{"minecraft:time_since_rest":7337,"minecraft:interact_with_furnace":19,"minecraft:sprint_one_cm":58417,"minecraft:damage_taken":300,"minecraft:walk_one_cm":40722,"minecraft:mob_kills":22,"minecraft:drop":6,"minecraft:damage_dealt":2251,"minecraft:interact_with_crafting_table":7,"minecraft:fly_one_cm":113133,"minecraft:crouch_one_cm":8621,"minecraft:play_time":18073,"minecraft:sneak_time":2302,"minecraft:jump":576,"minecraft:leave_game":1,"minecraft:walk_on_water_one_cm":2134,"minecraft:time_since_death":18073,"minecraft:sleep_in_bed":1,"minecraft:total_world_time":18073,"minecraft:fall_one_cm":20186},"minecraft:mined":{"minecraft:white_bed":1,"minecraft:furnace":1,"minecraft:iron_ore":20,"minecraft:crafting_table":3,"minecraft:short_grass":1,"minecraft:coal_ore":2,"minecraft:grass_block":3,"minecraft:oak_log":11,"minecraft:dirt":5,"minecraft:stone":41,"minecraft:oak_leaves":6},"minecraft:killed":{"minecraft:sheep":8,"minecraft:pig":2,"minecraft:zombie_villager":1,"minecraft:cow":11},"minecraft:crafted":{"minecraft:cooked_beef":21,"minecraft:oak_planks":44,"minecraft:crafting_table":1,"minecraft:stick":8,"minecraft:wooden_pickaxe":1,"minecraft:stone_pickaxe":1,"minecraft:stone_sword":1,"minecraft:furnace":1,"minecraft:white_bed":2,"minecraft:stone_axe":1,"minecraft:air":0},"minecraft:picked_up":{"minecraft:birch_log":1,"minecraft:raw_iron":20,"minecraft:stick":1,"minecraft:crafting_table":3,"minecraft:leather":6,"minecraft:porkchop":6,"minecraft:oak_log":11,"minecraft:white_bed":1,"minecraft:dirt":8,"minecraft:rotten_flesh":1,"minecraft:beef":21,"minecraft:rose_bush":1,"minecraft:coal":2,"minecraft:oak_planks":5,"minecraft:black_wool":1,"minecraft:mutton":12,"minecraft:white_wool":7,"minecraft:cobblestone":41,"minecraft:furnace":1},"minecraft:used":{"minecraft:rose_bush":1,"minecraft:black_wool":1,"minecraft:stone_sword":8,"minecraft:stone_pickaxe":54,"minecraft:wooden_pickaxe":11,"minecraft:stone_axe":28,"minecraft:cobblestone":11,"minecraft:crafting_table":3,"minecraft:furnace":1,"minecraft:birch_log":1,"minecraft:white_bed":1,"minecraft:cooked_beef":5},"minecraft:dropped":{"minecraft:cooked_beef":4,"minecraft:wooden_pickaxe":1,"minecraft:white_bed":1}},"DataVersion":3955}