{"stats":{"minecraft:killed_by":{"minecraft:skeleton":1},"minecraft:custom":{"minecraft:time_since_rest":304,"minecraft:deaths":1,"minecraft:crouch_one_cm":385,"minecraft:sprint_one_cm":10113,"minecraft:play_time":4148,"minecraft:damage_taken":240,"minecraft:walk_one_cm":4307,"minecraft:sneak_time":146,"minecraft:jump":104,"minecraft:damage_dealt":131,"minecraft:leave_game":2,"minecraft:time_since_death":278,"minecraft:total_world_time":4148,"minecraft:interact_with_crafting_table":1,"minecraft:fall_one_cm":4238,"minecraft:fly_one_cm":26191},"minecraft:mined":{"minecraft:oak_log":5},"minecraft:crafted":{"minecraft:wooden_sword":1,"minecraft:oak_planks":20,"minecraft:crafting_table":1,"minecraft:stick":4},"minecraft:used":{"minecraft:wooden_sword":3,"minecraft:crafting_table":1,"minecraft:oak_sapling":1},"minecraft:picked_up":{"minecraft:stick":1,"minecraft:oak_log":5,"minecraft:oak_sapling":1}},"DataVersion":3465}