{"stats":{"minecraft:custom":{"minecraft:time_since_rest":3658,"minecraft:crouch_one_cm":2343,"minecraft:play_time":3658,"minecraft:sprint_one_cm":5170,"minecraft:walk_one_cm":3651,"minecraft:sneak_time":416,"minecraft:jump":49,"minecraft:leave_game":1,"minecraft:time_since_death":3658,"minecraft:total_world_time":3658,"minecraft:interact_with_crafting_table":2,"minecraft:fall_one_cm":1254,"minecraft:fly_one_cm":15560},"minecraft:crafted":{"minecraft:stone_sword":1,"minecraft:stone_axe":1,"minecraft:crafting_table":1,"minecraft:spruce_planks":24,"minecraft:stick":8,"minecraft:wooden_pickaxe":1,"minecraft:stone_pickaxe":1},"minecraft:mined":{"minecraft:coal_ore":2,"minecraft:iron_ore":3,"minecraft:spruce_leaves":5,"minecraft:spruce_log":6,"minecraft:stone":8,"minecraft:crafting_table":1},"minecraft:used":{"minecraft:stone_axe":1,"minecraft:crafting_table":1,"minecraft:stone_pickaxe":5,"minecraft:wooden_pickaxe":8},"minecraft:picked_up":{"minecraft:stick":2,"minecraft:crafting_table":1,"minecraft:raw_iron":3,"minecraft:spruce_log":6,"minecraft:coal":2,"minecraft:cobblestone":8}},"DataVersion":3955}