{"stats":{"minecraft:custom":{"minecraft:time_since_rest":6073,"minecraft:crouch_one_cm":2741,"minecraft:play_time":6073,"minecraft:sprint_one_cm":27703,"minecraft:damage_taken":30,"minecraft:walk_one_cm":6744,"minecraft:sneak_time":777,"minecraft:mob_kills":14,"minecraft:drop":1,"minecraft:jump":211,"minecraft:damage_dealt":1310,"minecraft:time_since_death":6073,"minecraft:leave_game":1,"minecraft:walk_on_water_one_cm":373,"minecraft:total_world_time":6073,"minecraft:interact_with_crafting_table":2,"minecraft:fall_one_cm":5327,"minecraft:fly_one_cm":51066},"minecraft:mined":{"minecraft:short_grass":1,"minecraft:oak_log":11,"minecraft:stone":10,"minecraft:oak_leaves":4,"minecraft:crafting_table":2},"minecraft:killed":{"minecraft:sheep":5,"minecraft:pig":2,"minecraft:cow":7},"minecraft:crafted":{"minecraft:stone_sword":1,"minecraft:oak_planks":44,"minecraft:stone_axe":1,"minecraft:crafting_table":1,"minecraft:stick":8,"minecraft:wooden_pickaxe":1,"minecraft:stone_pickaxe":1},"minecraft:picked_up":{"minecraft:crafting_table":2,"minecraft:leather":6,"minecraft:beef":15,"minecraft:porkchop":6,"minecraft:oak_log":11,"minecraft:mutton":8,"minecraft:white_wool":5,"minecraft:cobblestone":10},"minecraft:used":{"minecraft:stone_axe":19,"minecraft:stone_sword":1,"minecraft:crafting_table":2,"minecraft:wooden_pickaxe":11},"minecraft:dropped":{"minecraft:wooden_pickaxe":1}},"DataVersion":3955}