{"stats":{"minecraft:killed_by":{"minecraft:skeleton":1},"minecraft:broken":{"minecraft:wooden_sword":1},"minecraft:custom":{"minecraft:mob_kills":16,"minecraft:interact_with_crafting_table":4,"minecraft:damage_dealt_resisted":0,"minecraft:leave_game":2,"minecraft:time_since_death":9493,"minecraft:climb_one_cm":12,"minecraft:time_since_rest":10210,"minecraft:sprint_one_cm":93936,"minecraft:damage_taken":865,"minecraft:walk_one_cm":31322,"minecraft:trigger_trapped_chest":1,"minecraft:drop":26,"minecraft:damage_dealt":1431,"minecraft:swim_one_cm":3352,"minecraft:fly_one_cm":153488,"minecraft:crouch_one_cm":3214,"minecraft:play_time":22148,"minecraft:deaths":2,"minecraft:sneak_time":854,"minecraft:walk_under_water_one_cm":257,"minecraft:jump":725,"minecraft:walk_on_water_one_cm":1989,"minecraft:total_world_time":22148,"minecraft:fall_one_cm":23507},"minecraft:mined":{"minecraft:crafting_table":2,"minecraft:iron_ore":7,"minecraft:birch_leaves":1,"minecraft:grass":1,"minecraft:oak_log":37,"minecraft:coal_ore":2,"minecraft:stone":36,"minecraft:oak_leaves":10},"minecraft:killed":{"minecraft:pig":3,"minecraft:sheep":6,"minecraft:chicken":3,"minecraft:cow":4},"minecraft:crafted":{"minecraft:wooden_sword":1,"minecraft:oak_planks":148,"minecraft:crafting_table":1,"minecraft:wooden_pickaxe":1,"minecraft:iron_sword":1,"minecraft:stick":16,"minecraft:iron_pickaxe":1,"minecraft:wooden_axe":1,"minecraft:torch":12},"minecraft:dropped":{"minecraft:cobblestone_wall":17,"minecraft:feather":2,"minecraft:light_gray_wool":1,"minecraft:spruce_stairs":1,"minecraft:item_frame":3,"minecraft:flower_pot":3,"minecraft:spruce_trapdoor":11,"minecraft:stone_brick_wall":2,"minecraft:azalea":4,"minecraft:oak_sapling":6,"minecraft:stone_bricks":33,"minecraft:spruce_slab":9,"minecraft:flowering_azalea":2,"minecraft:wooden_pickaxe":2,"minecraft:stone_brick_stairs":8,"minecraft:trapped_chest":1},"minecraft:used":{"minecraft:oak_planks":19,"minecraft:wooden_pickaxe":26,"minecraft:iron_sword":2,"minecraft:cooked_chicken":6,"minecraft:torch":2,"minecraft:crafting_table":2,"minecraft:wooden_axe":38,"minecraft:iron_pickaxe":19,"minecraft:wooden_sword":52,"minecraft:oak_sapling":1},"minecraft:picked_up":{"minecraft:crafting_table":3,"minecraft:feather":2,"minecraft:chicken":3,"minecraft:flower_pot":6,"minecraft:leather":10,"minecraft:wooden_pickaxe":2,"minecraft:stone_brick_wall":2,"minecraft:enchanted_book":3,"minecraft:stone_brick_stairs":8,"minecraft:oak_log":37,"minecraft:cobblestone_wall":17,"minecraft:cornflower":1,"minecraft:wooden_sword":1,"minecraft:name_tag":3,"minecraft:item_frame":3,"minecraft:stone_bricks":45,"minecraft:spruce_planks":14,"minecraft:beef":6,"minecraft:azalea":4,"minecraft:light_gray_wool":1,"minecraft:spruce_slab":10,"minecraft:oak_planks":144,"minecraft:flowering_azalea":2,"minecraft:spruce_trapdoor":11,"minecraft:book":3,"minecraft:stick":10,"minecraft:raw_iron":2,"apotheosis:gem":10,"minecraft:spruce_stairs":1,"minecraft:porkchop":5,"minecraft:lily_of_the_valley":2,"minecraft:trapped_chest":2,"minecraft:arrow":1,"minecraft:oak_sapling":7,"minecraft:mutton":16,"minecraft:coal":3,"minecraft:white_wool":10,"minecraft:cobblestone":46}},"DataVersion":3465}