{"stats":{"minecraft:killed":{"cobblemon:pokemon":1,"minecraft:spider":1},"minecraft:dropped":{"minecraft:chicken":1,"minecraft:feather":1,"minecraft:rotten_flesh":2,"minecraft:spider_eye":2},"minecraft:crafted":{"minecraft:crafting_table":1,"minecraft:spruce_planks":36,"minecraft:stick":12,"minecraft:iron_pickaxe":1,"minecraft:stone_sword":1,"minecraft:torch":16},"minecraft:used":{"minecraft:stone_sword":13,"minecraft:bread":11,"minecraft:iron_pickaxe":52,"minecraft:iron_helmet":1,"minecraft:leather_chestplate":1,"minecraft:spruce_sapling":1,"minecraft:white_carpet":10,"minecraft:crafting_table":1,"minecraft:red_bed":2},"minecraft:custom":{"minecraft:time_since_rest":9181,"minecraft:interact_with_furnace":1,"minecraft:sprint_one_cm":86400,"minecraft:damage_taken":304,"minecraft:walk_one_cm":47476,"minecraft:mob_kills":2,"minecraft:drop":6,"minecraft:damage_dealt":480,"minecraft:interact_with_crafting_table":3,"minecraft:fly_one_cm":209691,"minecraft:open_chest":8,"minecraft:crouch_one_cm":1587,"minecraft:play_time":33612,"minecraft:sneak_time":440,"minecraft:jump":734,"minecraft:interact_with_grindstone":3,"minecraft:leave_game":1,"minecraft:time_since_death":33612,"minecraft:walk_on_water_one_cm":262,"minecraft:sleep_in_bed":2,"minecraft:total_world_time":33612,"minecraft:fall_one_cm":22062},"minecraft:picked_up":{"minecraft:crafting_table":1,"minecraft:raw_iron":7,"minecraft:feather":1,"minecraft:chicken":1,"minecraft:porkchop":5,"minecraft:spruce_sapling":1,"minecraft:spruce_log":9,"minecraft:spider_eye":2,"minecraft:blue_bed":1,"minecraft:red_bed":2,"minecraft:white_carpet":10,"minecraft:rotten_flesh":2,"minecraft:coal":26,"minecraft:white_wool":1,"minecraft:cobblestone":18},"minecraft:mined":{"minecraft:red_bed":2,"minecraft:iron_ore":7,"minecraft:white_carpet":10,"minecraft:spruce_log":10,"minecraft:crafting_table":1,"minecraft:grass":4,"minecraft:coal_ore":26,"minecraft:spruce_leaves":4,"minecraft:stone":18,"minecraft:blue_bed":1}},"DataVersion":3465}