{"stats":{"minecraft:custom":{"minecraft:interact_with_anvil":7,"minecraft:mob_kills":93,"minecraft:interact_with_crafting_table":40,"minecraft:damage_dealt_resisted":0,"minecraft:leave_game":14,"minecraft:time_since_death":495675,"minecraft:climb_one_cm":1950,"minecraft:damage_resisted":0,"minecraft:sprint_one_cm":1112831,"minecraft:walk_one_cm":1029971,"minecraft:damage_blocked_by_shield":5094,"minecraft:drop":147,"minecraft:talked_to_villager":1,"minecraft:play_time":581317,"minecraft:sneak_time":32490,"minecraft:deaths":4,"minecraft:walk_under_water_one_cm":4278,"minecraft:boat_one_cm":91170,"minecraft:jump":8312,"minecraft:interact_with_blast_furnace":5,"minecraft:walk_on_water_one_cm":30301,"minecraft:total_world_time":581317,"minecraft:interact_with_furnace":4,"minecraft:interact_with_stonecutter":1,"minecraft:sleep_in_bed":22,"minecraft:time_since_rest":24255,"minecraft:damage_taken":4725,"minecraft:trigger_trapped_chest":7,"minecraft:damage_dealt":14328,"minecraft:swim_one_cm":33598,"minecraft:fly_one_cm":4024984,"minecraft:open_chest":251,"minecraft:crouch_one_cm":99560,"minecraft:fall_one_cm":219350,"minecraft:horse_one_cm":75010},"minecraft:mined":{"minecraft:spruce_planks":6,"minecraft:white_bed":2,"minecraft:spruce_trapdoor":4,"minecraft:grass_block":600,"minecraft:jungle_planks":12,"minecraft:jungle_log":15,"minecraft:hay_block":13,"minecraft:iron_ore":67,"minecraft:fire":1,"minecraft:andesite":378,"minecraft:bookshelf":12,"minecraft:deepslate_iron_ore":20,"minecraft:vine":5,"minecraft:stone":3173,"minecraft:spruce_slab":1,"minecraft:quartz_block":75,"minecraft:crafting_table":5,"minecraft:torch":8,"minecraft:chest":1,"minecraft:copper_ore":30,"minecraft:glass":3,"minecraft:tall_grass":9,"minecraft:cobblestone":176,"minecraft:oak_planks":4,"minecraft:diorite":2,"minecraft:wall_torch":1,"minecraft:spruce_stairs":2,"minecraft:birch_planks":111,"minecraft:birch_log":228,"minecraft:birch_leaves":1,"minecraft:bee_nest":1,"minecraft:tnt":15,"minecraft:grass":71,"minecraft:coal_ore":98,"minecraft:oak_log":918,"minecraft:flower_pot":1,"minecraft:gravel":111,"minecraft:dirt":440,"minecraft:gold_ore":7,"minecraft:oak_leaves":96,"minecraft:deepslate":7,"minecraft:fern":1},"minecraft:picked_up":{"minecraft:iron_chestplate":3,"minecraft:crafting_table":8,"minecraft:wheat":1,"minecraft:chicken":3,"minecraft:flower_pot":8,"minecraft:leather_leggings":1,"minecraft:lead":2,"minecraft:wooden_pickaxe":2,"minecraft:stone_brick_wall":4,"minecraft:enchanted_book":13,"minecraft:stone_brick_stairs":8,"minecraft:shield":1,"minecraft:cornflower":1,"minecraft:string":26,"minecraft:raw_copper":107,"minecraft:iron_axe":2,"minecraft:wooden_sword":1,"minecraft:iron_leggings":4,"minecraft:item_frame":4,"minecraft:iron_shovel":1,"minecraft:diamond_leggings":2,"minecraft:cobbled_deepslate":10,"minecraft:spruce_planks":19,"minecraft:beef":8,"minecraft:oak_boat":1,"minecraft:rose_bush":1,"minecraft:jungle_sapling":1,"minecraft:azalea":4,"minecraft:light_gray_wool":1,"minecraft:iron_pickaxe":2,"minecraft:spruce_slab":14,"minecraft:sugar_cane":1,"minecraft:chest":1,"minecraft:birch_sapling":36,"minecraft:spruce_trapdoor":15,"minecraft:iron_boots":2,"minecraft:egg":1,"minecraft:stick":165,"minecraft:raw_iron":188,"apotheosis:gem":22,"minecraft:torch":35,"minecraft:spruce_stairs":3,"minecraft:porkchop":20,"minecraft:diorite":7,"minecraft:mangrove_sign":1,"minecraft:trident":2,"minecraft:tnt":21,"minecraft:quartz_block":74,"minecraft:arrow":43,"minecraft:rotten_flesh":26,"minecraft:hay_block":13,"minecraft:saddle":2,"minecraft:mutton":33,"minecraft:white_wool":20,"minecraft:cobblestone":3149,"minecraft:birch_log":234,"minecraft:feather":2,"minecraft:cooked_beef":32,"minecraft:andesite":378,"minecraft:jungle_log":15,"minecraft:leather":10,"minecraft:birch_planks":110,"minecraft:flint":6,"minecraft:oak_log":904,"minecraft:cobblestone_wall":23,"minecraft:gunpowder":2,"minecraft:dirt":1057,"minecraft:white_banner":1,"minecraft:name_tag":5,"minecraft:bone":44,"minecraft:apple":37,"minecraft:stone_bricks":45,"minecraft:bow":3,"minecraft:wheat_seeds":8,"minecraft:raw_gold":7,"minecraft:diamond_helmet":1,"minecraft:iron_sword":2,"minecraft:oak_planks":148,"minecraft:flowering_azalea":2,"minecraft:book":57,"minecraft:lava_bucket":1,"minecraft:gravel":97,"minecraft:jungle_planks":22,"minecraft:white_bed":3,"minecraft:lily_of_the_valley":3,"minecraft:trapped_chest":2,"minecraft:spider_eye":1,"minecraft:iron_helmet":1,"minecraft:oak_sapling":167,"minecraft:black_wool":1,"minecraft:coal":102},"minecraft:crafted":{"minecraft:wooden_sword":1,"minecraft:oak_planks":1060,"minecraft:diamond_shovel":1,"minecraft:flint_and_steel":1,"minecraft:spruce_stairs":120,"minecraft:iron_axe":2,"minecraft:spruce_slab":126,"minecraft:chest":13,"minecraft:crafting_table":3,"minecraft:spruce_planks":1024,"minecraft:enchanting_table":1,"minecraft:wooden_pickaxe":1,"minecraft:iron_sword":2,"minecraft:birch_planks":256,"minecraft:air":0,"minecraft:jungle_planks":60,"minecraft:oak_boat":1,"minecraft:spruce_trapdoor":64,"minecraft:diamond_pickaxe":1,"minecraft:shield":1,"minecraft:stick":28,"minecraft:iron_ingot":111,"minecraft:iron_pickaxe":3,"minecraft:wooden_axe":1,"minecraft:white_bed":1,"minecraft:torch":108},"minecraft:killed_by":{"minecraft:creeper":1,"minecraft:skeleton":2},"minecraft:used":{"minecraft:oak_trapdoor":3,"minecraft:rose_bush":1,"minecraft:trident":33,"minecraft:enchanting_table":3,"minecraft:iron_shovel":252,"minecraft:flint_and_steel":2,"minecraft:red_concrete":41,"minecraft:spruce_slab":461,"minecraft:zombie_villager_spawn_egg":1,"minecraft:spruce_planks":320,"minecraft:shield":80,"minecraft:chest":15,"minecraft:iron_sword":159,"minecraft:stone":15,"minecraft:stone_hoe":836,"minecraft:bell":2,"minecraft:mangrove_fence":31,"minecraft:quartz_stairs":1,"minecraft:farmland":962,"minecraft:cooked_chicken":31,"minecraft:iron_chestplate":2,"minecraft:torch":78,"minecraft:dirt":554,"minecraft:anvil":1,"minecraft:jungle_planks":43,"minecraft:spruce_stairs":213,"minecraft:diamond_helmet":1,"minecraft:deepslate_brick_slab":54,"minecraft:jungle_trapdoor":16,"minecraft:obsidian":14,"minecraft:spruce_fence":37,"minecraft:glass":79,"minecraft:shroomlight":11,"minecraft:polished_blackstone_slab":10,"minecraft:wooden_axe":38,"minecraft:stone_brick_slab":8,"minecraft:lava_bucket":10,"minecraft:bookshelf":55,"minecraft:iron_axe":454,"minecraft:lantern":36,"minecraft:grass_block":31,"minecraft:oak_stairs":30,"minecraft:quartz_block":677,"minecraft:iron_helmet":1,"minecraft:polished_blackstone_brick_stairs":62,"minecraft:raw_gold_block":2,"minecraft:stone_bricks":396,"minecraft:bamboo":40,"minecraft:birch_button":8,"minecraft:reinforced_deepslate":3,"minecraft:bow":5,"minecraft:hay_block":13,"minecraft:oak_sapling":1,"minecraft:furnace":1,"minecraft:egg":1,"minecraft:cooked_beef":50,"minecraft:cobbled_deepslate":22,"minecraft:iron_leggings":1,"minecraft:wheat_seeds":1492,"minecraft:water_bucket":57,"minecraft:mossy_stone_bricks":8,"minecraft:diorite":2,"minecraft:leather_leggings":1,"minecraft:spruce_door":2,"minecraft:birch_planks":311,"minecraft:oak_planks":20,"minecraft:blackstone_stairs":44,"minecraft:wooden_pickaxe":26,"minecraft:diamond_axe":1249,"minecraft:stonecutter":1,"minecraft:white_wool":63,"minecraft:mangrove_trapdoor":8,"minecraft:crafting_table":8,"minecraft:blast_furnace":1,"minecraft:white_bed":5,"minecraft:stone_brick_wall":64,"minecraft:mangrove_sign":14,"minecraft:deepslate_brick_stairs":11,"minecraft:spruce_log":1,"minecraft:dark_oak_door":2,"minecraft:oak_log":5,"minecraft:black_wool":1,"minecraft:diamond_pickaxe":3555,"minecraft:diamond_shovel":977,"minecraft:dark_oak_log":302,"minecraft:iron_pickaxe":465,"minecraft:stone_button":1,"minecraft:oak_button":25,"minecraft:spruce_trapdoor":60,"minecraft:wooden_sword":52,"minecraft:cobblestone":811,"minecraft:red_concrete_powder":1,"minecraft:white_banner":1,"minecraft:dark_oak_fence":187,"minecraft:andesite":10,"minecraft:bucket":2,"minecraft:glass_pane":5,"minecraft:smooth_stone_slab":235,"minecraft:oak_boat":1,"minecraft:polished_blackstone_button":7,"minecraft:oak_hanging_sign":1,"minecraft:golden_pickaxe":2},"minecraft:killed":{"minecraft:spider":6,"minecraft:skeleton":21,"minecraft:bee":1,"minecraft:chicken":3,"minecraft:magma_cube":1,"minecraft:pig":9,"minecraft:wandering_trader":1,"minecraft:creeper":4,"minecraft:sheep":17,"minecraft:pillager":4,"minecraft:zombie":16,"minecraft:wither_skeleton":2,"minecraft:cow":4},"minecraft:broken":{"minecraft:iron_shovel":1,"minecraft:iron_axe":1,"minecraft:wooden_sword":1},"minecraft:dropped":{"minecraft:enchanted_book":6,"minecraft:porkchop":7,"minecraft:wheat_seeds":8,"minecraft:oak_log":1,"minecraft:golden_pickaxe":1,"minecraft:crafting_table":1,"minecraft:diamond_leggings":1,"minecraft:feather":2,"minecraft:cobblestone":89,"minecraft:book":9,"minecraft:apple":1,"minecraft:jungle_planks":10,"minecraft:saddle":2,"minecraft:spruce_stairs":1,"minecraft:item_frame":4,"minecraft:lava_bucket":1,"minecraft:dirt":18,"minecraft:diorite":5,"minecraft:mutton":8,"minecraft:iron_leggings":3,"minecraft:jungle_sapling":1,"minecraft:flowering_azalea":2,"minecraft:iron_axe":1,"minecraft:iron_pickaxe":1,"minecraft:trapped_chest":1,"minecraft:birch_log":15,"minecraft:white_wool":2,"minecraft:gold_ingot":3,"minecraft:bone":5,"minecraft:sugar_cane":1,"minecraft:cobblestone_wall":17,"minecraft:cobbled_deepslate":3,"minecraft:raw_copper":4,"minecraft:wheat":1,"minecraft:birch_sapling":21,"minecraft:rotten_flesh":26,"minecraft:light_gray_wool":1,"minecraft:oak_planks":2,"minecraft:iron_boots":1,"minecraft:lily_of_the_valley":2,"minecraft:flower_pot":5,"minecraft:trident":3,"minecraft:spruce_trapdoor":11,"minecraft:spruce_planks":3,"minecraft:iron_chestplate":1,"minecraft:stone_brick_wall":4,"apotheosis:gem":13,"minecraft:azalea":4,"minecraft:oak_sapling":98,"minecraft:spider_eye":1,"minecraft:stone_bricks":33,"minecraft:spruce_slab":11,"minecraft:arrow":16,"minecraft:bow":1,"minecraft:wooden_pickaxe":2,"minecraft:stone_brick_stairs":8}},"DataVersion":3465}