{"stats":{"minecraft:mined":{"minecraft:spruce_planks":2,"minecraft:white_bed":2,"minecraft:grass_block":2,"minecraft:jungle_planks":12,"minecraft:jungle_log":15,"minecraft:hay_block":11,"minecraft:iron_ore":67,"minecraft:bookshelf":10,"minecraft:deepslate_iron_ore":20,"minecraft:vine":5,"minecraft:stone":71,"minecraft:crafting_table":5,"minecraft:torch":2,"minecraft:tall_grass":9,"minecraft:oak_planks":2,"minecraft:diorite":2,"minecraft:wall_torch":1,"minecraft:birch_leaves":1,"minecraft:tnt":6,"minecraft:grass":27,"minecraft:coal_ore":13,"minecraft:oak_log":37,"minecraft:flower_pot":1,"minecraft:gold_ore":7,"minecraft:oak_leaves":18,"minecraft:deepslate":7,"minecraft:fern":1},"minecraft:dropped":{"minecraft:enchanted_book":4,"minecraft:porkchop":3,"minecraft:wheat_seeds":4,"minecraft:golden_pickaxe":1,"minecraft:crafting_table":1,"minecraft:feather":2,"minecraft:book":9,"minecraft:saddle":2,"minecraft:spruce_stairs":1,"minecraft:item_frame":4,"minecraft:diorite":5,"minecraft:mutton":7,"minecraft:iron_leggings":3,"minecraft:jungle_sapling":1,"minecraft:flowering_azalea":2,"minecraft:iron_axe":1,"minecraft:trapped_chest":1,"minecraft:gold_ingot":3,"minecraft:bone":1,"minecraft:cobblestone_wall":17,"minecraft:cobbled_deepslate":3,"minecraft:rotten_flesh":22,"minecraft:light_gray_wool":1,"minecraft:lily_of_the_valley":2,"minecraft:flower_pot":5,"minecraft:spruce_trapdoor":11,"minecraft:spruce_planks":2,"minecraft:iron_chestplate":1,"minecraft:stone_brick_wall":4,"apotheosis:gem":13,"minecraft:azalea":4,"minecraft:oak_sapling":6,"minecraft:spider_eye":1,"minecraft:stone_bricks":33,"minecraft:spruce_slab":11,"minecraft:arrow":16,"minecraft:bow":1,"minecraft:wooden_pickaxe":2,"minecraft:stone_brick_stairs":8},"minecraft:used":{"minecraft:rose_bush":1,"minecraft:shield":77,"minecraft:iron_sword":115,"minecraft:cooked_chicken":31,"minecraft:iron_chestplate":2,"minecraft:torch":19,"minecraft:dirt":1,"minecraft:jungle_planks":43,"minecraft:diamond_helmet":1,"minecraft:wooden_axe":38,"minecraft:iron_axe":116,"minecraft:iron_helmet":1,"minecraft:bow":5,"minecraft:oak_sapling":1,"minecraft:egg":1,"minecraft:cooked_beef":9,"minecraft:cobbled_deepslate":7,"minecraft:iron_leggings":1,"minecraft:diorite":2,"minecraft:leather_leggings":1,"minecraft:oak_planks":20,"minecraft:wooden_pickaxe":26,"minecraft:crafting_table":6,"minecraft:white_bed":3,"minecraft:black_wool":1,"minecraft:iron_pickaxe":162,"minecraft:wooden_sword":52,"minecraft:cobblestone":4,"minecraft:oak_boat":1,"minecraft:golden_pickaxe":2},"minecraft:broken":{"minecraft:wooden_sword":1},"minecraft:killed":{"minecraft:spider":6,"minecraft:skeleton":18,"minecraft:bee":1,"minecraft:chicken":3,"minecraft:pig":7,"minecraft:creeper":1,"minecraft:sheep":15,"minecraft:zombie":10,"minecraft:cow":4},"minecraft:custom":{"minecraft:mob_kills":68,"minecraft:interact_with_crafting_table":9,"minecraft:damage_dealt_resisted":0,"minecraft:leave_game":3,"minecraft:time_since_death":14275,"minecraft:climb_one_cm":1950,"minecraft:sprint_one_cm":297761,"minecraft:walk_one_cm":139362,"minecraft:damage_blocked_by_shield":4914,"minecraft:drop":91,"minecraft:play_time":99917,"minecraft:sneak_time":3958,"minecraft:deaths":4,"minecraft:walk_under_water_one_cm":2829,"minecraft:boat_one_cm":91170,"minecraft:jump":2808,"minecraft:walk_on_water_one_cm":8774,"minecraft:total_world_time":99917,"minecraft:sleep_in_bed":3,"minecraft:time_since_rest":12356,"minecraft:damage_taken":3206,"minecraft:trigger_trapped_chest":4,"minecraft:damage_dealt":9813,"minecraft:swim_one_cm":27823,"minecraft:fly_one_cm":673416,"minecraft:open_chest":7,"minecraft:crouch_one_cm":12077,"minecraft:fall_one_cm":89165,"minecraft:horse_one_cm":75010},"minecraft:crafted":{"minecraft:wooden_sword":1,"minecraft:oak_planks":148,"minecraft:iron_axe":1,"minecraft:crafting_table":2,"minecraft:wooden_pickaxe":1,"minecraft:iron_sword":2,"minecraft:jungle_planks":60,"minecraft:oak_boat":1,"minecraft:shield":1,"minecraft:stick":28,"minecraft:iron_pickaxe":2,"minecraft:wooden_axe":1,"minecraft:white_bed":1,"minecraft:torch":56},"minecraft:picked_up":{"minecraft:iron_chestplate":3,"minecraft:crafting_table":8,"minecraft:flower_pot":8,"minecraft:chicken":3,"minecraft:leather_leggings":1,"minecraft:wooden_pickaxe":2,"minecraft:stone_brick_wall":4,"minecraft:enchanted_book":12,"minecraft:stone_brick_stairs":8,"minecraft:shield":1,"minecraft:cornflower":1,"minecraft:string":26,"minecraft:iron_axe":2,"minecraft:wooden_sword":1,"minecraft:iron_leggings":4,"minecraft:item_frame":4,"minecraft:iron_shovel":1,"minecraft:cobbled_deepslate":10,"minecraft:spruce_planks":16,"minecraft:beef":6,"minecraft:oak_boat":1,"minecraft:rose_bush":1,"minecraft:azalea":4,"minecraft:jungle_sapling":1,"minecraft:iron_pickaxe":2,"minecraft:light_gray_wool":1,"minecraft:spruce_slab":12,"minecraft:spruce_trapdoor":11,"minecraft:iron_boots":1,"minecraft:egg":1,"minecraft:raw_iron":188,"minecraft:stick":16,"apotheosis:gem":20,"minecraft:torch":22,"minecraft:spruce_stairs":1,"minecraft:porkchop":15,"minecraft:diorite":7,"minecraft:tnt":12,"minecraft:arrow":40,"minecraft:rotten_flesh":22,"minecraft:hay_block":11,"minecraft:saddle":2,"minecraft:mutton":31,"minecraft:white_wool":18,"minecraft:cobblestone":120,"minecraft:feather":2,"minecraft:cooked_beef":32,"minecraft:jungle_log":15,"minecraft:leather":10,"minecraft:oak_log":37,"minecraft:cobblestone_wall":23,"minecraft:dirt":1,"minecraft:name_tag":5,"minecraft:bone":37,"minecraft:stone_bricks":45,"minecraft:bow":3,"minecraft:wheat_seeds":4,"minecraft:raw_gold":7,"minecraft:diamond_helmet":1,"minecraft:iron_sword":2,"minecraft:oak_planks":146,"minecraft:flowering_azalea":2,"minecraft:book":54,"minecraft:jungle_planks":22,"minecraft:white_bed":3,"minecraft:lily_of_the_valley":3,"minecraft:trapped_chest":2,"minecraft:spider_eye":1,"minecraft:iron_helmet":1,"minecraft:oak_sapling":7,"minecraft:coal":17,"minecraft:black_wool":1},"minecraft:killed_by":{"minecraft:creeper":1,"minecraft:skeleton":2}},"DataVersion":3465}