{"stats":{"minecraft:killed_by":{"minecraft:skeleton":1},"minecraft:broken":{"minecraft:wooden_sword":1},"minecraft:custom":{"minecraft:mob_kills":17,"minecraft:interact_with_crafting_table":4,"minecraft:damage_dealt_resisted":0,"minecraft:leave_game":2,"minecraft:time_since_death":21493,"minecraft:climb_one_cm":1392,"minecraft:time_since_rest":22210,"minecraft:sprint_one_cm":135240,"minecraft:damage_taken":1107,"minecraft:walk_one_cm":50707,"minecraft:damage_blocked_by_shield":510,"minecraft:trigger_trapped_chest":2,"minecraft:drop":34,"minecraft:damage_dealt":1570,"minecraft:swim_one_cm":6390,"minecraft:fly_one_cm":254594,"minecraft:open_chest":5,"minecraft:crouch_one_cm":5276,"minecraft:play_time":34148,"minecraft:deaths":2,"minecraft:sneak_time":1422,"minecraft:walk_under_water_one_cm":665,"minecraft:jump":1134,"minecraft:walk_on_water_one_cm":2560,"minecraft:total_world_time":34148,"minecraft:fall_one_cm":38419},"minecraft:mined":{"minecraft:crafting_table":2,"minecraft:grass_block":1,"minecraft:diorite":1,"minecraft:wall_torch":1,"minecraft:iron_ore":14,"minecraft:birch_leaves":1,"minecraft:grass":5,"minecraft:oak_log":37,"minecraft:coal_ore":2,"minecraft:stone":36,"minecraft:oak_leaves":15},"minecraft:killed":{"minecraft:pig":3,"minecraft:skeleton":1,"minecraft:sheep":6,"minecraft:chicken":3,"minecraft:cow":4},"minecraft:crafted":{"minecraft:wooden_sword":1,"minecraft:oak_planks":148,"minecraft:crafting_table":1,"minecraft:wooden_pickaxe":1,"minecraft:iron_sword":1,"minecraft:stick":16,"minecraft:iron_pickaxe":1,"minecraft:wooden_axe":1,"minecraft:torch":12},"minecraft:dropped":{"minecraft:wheat_seeds":1,"minecraft:cobblestone_wall":17,"minecraft:golden_pickaxe":1,"minecraft:feather":2,"minecraft:light_gray_wool":1,"minecraft:saddle":2,"minecraft:spruce_stairs":1,"minecraft:item_frame":4,"minecraft:flower_pot":3,"minecraft:spruce_trapdoor":11,"minecraft:stone_brick_wall":4,"minecraft:azalea":4,"minecraft:oak_sapling":6,"minecraft:stone_bricks":33,"minecraft:spruce_slab":11,"minecraft:flowering_azalea":2,"minecraft:wooden_pickaxe":2,"minecraft:stone_brick_stairs":8,"minecraft:trapped_chest":1,"minecraft:bone":1},"minecraft:used":{"minecraft:diorite":1,"minecraft:oak_planks":19,"minecraft:shield":10,"minecraft:wooden_pickaxe":26,"minecraft:iron_sword":15,"minecraft:cooked_chicken":12,"minecraft:iron_chestplate":1,"minecraft:torch":2,"minecraft:crafting_table":2,"minecraft:wooden_axe":38,"minecraft:iron_pickaxe":27,"minecraft:wooden_sword":52,"minecraft:oak_sapling":1,"minecraft:golden_pickaxe":2},"minecraft:picked_up":{"minecraft:iron_chestplate":1,"minecraft:crafting_table":3,"minecraft:feather":2,"minecraft:chicken":3,"minecraft:flower_pot":6,"minecraft:leather":10,"minecraft:wooden_pickaxe":2,"minecraft:stone_brick_wall":4,"minecraft:enchanted_book":3,"minecraft:stone_brick_stairs":8,"minecraft:oak_log":37,"minecraft:cobblestone_wall":23,"minecraft:cornflower":1,"minecraft:wooden_sword":1,"minecraft:name_tag":3,"minecraft:item_frame":4,"minecraft:bone":1,"minecraft:stone_bricks":45,"minecraft:wheat_seeds":1,"minecraft:spruce_planks":14,"minecraft:beef":6,"minecraft:azalea":4,"minecraft:light_gray_wool":1,"minecraft:spruce_slab":12,"minecraft:oak_planks":144,"minecraft:flowering_azalea":2,"minecraft:spruce_trapdoor":11,"minecraft:book":3,"minecraft:stick":10,"minecraft:raw_iron":9,"apotheosis:gem":14,"minecraft:torch":1,"minecraft:spruce_stairs":1,"minecraft:porkchop":5,"minecraft:diorite":1,"minecraft:lily_of_the_valley":2,"minecraft:trapped_chest":2,"minecraft:arrow":1,"minecraft:oak_sapling":7,"minecraft:mutton":16,"minecraft:coal":3,"minecraft:white_wool":10,"minecraft:cobblestone":50}},"DataVersion":3465}