{"stats":{"minecraft:mined":{"minecraft:spruce_planks":2,"minecraft:white_bed":1,"minecraft:crafting_table":5,"minecraft:grass_block":2,"minecraft:jungle_log":15,"minecraft:tall_grass":2,"minecraft:oak_planks":2,"minecraft:diorite":2,"minecraft:wall_torch":1,"minecraft:iron_ore":35,"minecraft:tnt":6,"minecraft:birch_leaves":1,"minecraft:deepslate_iron_ore":2,"minecraft:bookshelf":10,"minecraft:grass":14,"minecraft:oak_log":37,"minecraft:coal_ore":2,"minecraft:vine":5,"minecraft:flower_pot":1,"minecraft:stone":61,"minecraft:gold_ore":7,"minecraft:oak_leaves":18,"minecraft:fern":1},"minecraft:dropped":{"minecraft:enchanted_book":4,"minecraft:wheat_seeds":2,"minecraft:cobblestone_wall":17,"minecraft:golden_pickaxe":1,"minecraft:crafting_table":1,"minecraft:book":9,"minecraft:rotten_flesh":4,"minecraft:feather":2,"minecraft:light_gray_wool":1,"minecraft:saddle":2,"minecraft:spruce_stairs":1,"minecraft:lily_of_the_valley":2,"minecraft:item_frame":4,"minecraft:flower_pot":5,"minecraft:spruce_trapdoor":11,"minecraft:stone_brick_wall":4,"apotheosis:gem":8,"minecraft:oak_sapling":6,"minecraft:azalea":4,"minecraft:jungle_sapling":1,"minecraft:stone_bricks":33,"minecraft:spruce_slab":11,"minecraft:flowering_azalea":2,"minecraft:arrow":3,"minecraft:wooden_pickaxe":2,"minecraft:stone_brick_stairs":8,"minecraft:trapped_chest":1,"minecraft:bone":1},"minecraft:used":{"minecraft:leather_leggings":1,"minecraft:diorite":2,"minecraft:rose_bush":1,"minecraft:oak_planks":20,"minecraft:wooden_pickaxe":26,"minecraft:shield":34,"minecraft:iron_sword":52,"minecraft:cooked_chicken":22,"minecraft:iron_chestplate":1,"minecraft:torch":2,"minecraft:dirt":1,"minecraft:crafting_table":6,"minecraft:white_bed":2,"minecraft:wooden_axe":38,"minecraft:black_wool":1,"minecraft:iron_axe":49,"minecraft:iron_pickaxe":83,"minecraft:iron_helmet":1,"minecraft:wooden_sword":52,"minecraft:oak_sapling":1,"minecraft:oak_boat":1,"minecraft:egg":1,"minecraft:golden_pickaxe":2},"minecraft:broken":{"minecraft:wooden_sword":1},"minecraft:killed":{"minecraft:pig":6,"minecraft:sheep":14,"minecraft:skeleton":5,"minecraft:bee":1,"minecraft:chicken":3,"minecraft:cow":4},"minecraft:custom":{"minecraft:mob_kills":33,"minecraft:interact_with_crafting_table":9,"minecraft:damage_dealt_resisted":0,"minecraft:leave_game":3,"minecraft:time_since_death":17256,"minecraft:sleep_in_bed":1,"minecraft:climb_one_cm":1950,"minecraft:time_since_rest":10707,"minecraft:sprint_one_cm":219385,"minecraft:damage_taken":1898,"minecraft:walk_one_cm":87392,"minecraft:damage_blocked_by_shield":2205,"minecraft:trigger_trapped_chest":4,"minecraft:drop":57,"minecraft:damage_dealt":3598,"minecraft:swim_one_cm":21178,"minecraft:fly_one_cm":473843,"minecraft:open_chest":5,"minecraft:crouch_one_cm":6599,"minecraft:play_time":69917,"minecraft:deaths":3,"minecraft:sneak_time":1941,"minecraft:walk_under_water_one_cm":1817,"minecraft:boat_one_cm":91170,"minecraft:jump":1941,"minecraft:walk_on_water_one_cm":6698,"minecraft:total_world_time":69917,"minecraft:fall_one_cm":62041,"minecraft:horse_one_cm":75010},"minecraft:crafted":{"minecraft:wooden_sword":1,"minecraft:oak_planks":148,"minecraft:crafting_table":2,"minecraft:wooden_pickaxe":1,"minecraft:iron_sword":2,"minecraft:jungle_planks":60,"minecraft:oak_boat":1,"minecraft:shield":1,"minecraft:iron_axe":1,"minecraft:stick":28,"minecraft:iron_pickaxe":2,"minecraft:wooden_axe":1,"minecraft:white_bed":1,"minecraft:torch":12},"minecraft:picked_up":{"minecraft:crafting_table":7,"minecraft:iron_chestplate":1,"minecraft:feather":2,"minecraft:chicken":3,"minecraft:flower_pot":8,"minecraft:jungle_log":15,"minecraft:leather_leggings":1,"minecraft:leather":10,"minecraft:wooden_pickaxe":2,"minecraft:stone_brick_wall":4,"minecraft:enchanted_book":5,"minecraft:stone_brick_stairs":8,"minecraft:oak_log":37,"minecraft:cobblestone_wall":23,"minecraft:cornflower":1,"minecraft:dirt":1,"minecraft:wooden_sword":1,"minecraft:name_tag":3,"minecraft:item_frame":4,"minecraft:bone":5,"minecraft:stone_bricks":45,"minecraft:wheat_seeds":2,"minecraft:raw_gold":7,"minecraft:spruce_planks":16,"minecraft:beef":6,"minecraft:oak_boat":1,"minecraft:rose_bush":1,"minecraft:jungle_sapling":1,"minecraft:azalea":4,"minecraft:spruce_slab":12,"minecraft:light_gray_wool":1,"minecraft:flowering_azalea":2,"minecraft:oak_planks":146,"minecraft:spruce_trapdoor":11,"minecraft:egg":1,"minecraft:book":33,"minecraft:stick":15,"minecraft:raw_iron":31,"apotheosis:gem":14,"minecraft:torch":1,"minecraft:spruce_stairs":1,"minecraft:porkchop":12,"minecraft:diorite":2,"minecraft:white_bed":1,"minecraft:lily_of_the_valley":3,"minecraft:trapped_chest":2,"minecraft:tnt":6,"minecraft:rotten_flesh":4,"minecraft:arrow":8,"minecraft:iron_helmet":1,"minecraft:black_wool":1,"minecraft:oak_sapling":7,"minecraft:mutton":30,"minecraft:coal":3,"minecraft:white_wool":17,"minecraft:cobblestone":78},"minecraft:killed_by":{"minecraft:skeleton":1,"minecraft:creeper":1}},"DataVersion":3465}