{"stats":{"minecraft:custom":{"minecraft:interact_with_furnace":25,"minecraft:mob_kills":32,"minecraft:interact_with_crafting_table":11,"minecraft:leave_game":1,"minecraft:time_since_death":30073,"minecraft:sleep_in_bed":1,"minecraft:climb_one_cm":151,"minecraft:time_since_rest":19337,"minecraft:sprint_one_cm":106829,"minecraft:damage_taken":839,"minecraft:walk_one_cm":66757,"minecraft:damage_blocked_by_shield":679,"minecraft:drop":15,"minecraft:damage_dealt":3913,"minecraft:fly_one_cm":184136,"minecraft:crouch_one_cm":12665,"minecraft:play_time":30073,"minecraft:sneak_time":3413,"minecraft:jump":983,"minecraft:walk_on_water_one_cm":4138,"minecraft:total_world_time":30073,"minecraft:fall_one_cm":34698},"minecraft:mined":{"minecraft:tuff":1,"minecraft:white_bed":1,"minecraft:deepslate_diamond_ore":3,"minecraft:crafting_table":4,"minecraft:short_grass":1,"minecraft:grass_block":3,"minecraft:wall_torch":2,"minecraft:furnace":2,"minecraft:iron_ore":20,"minecraft:oak_log":11,"minecraft:coal_ore":2,"minecraft:deepslate_iron_ore":9,"minecraft:dirt":5,"minecraft:stone":41,"minecraft:deepslate":1,"minecraft:oak_leaves":6},"minecraft:killed":{"minecraft:pig":2,"minecraft:zombie_villager":1,"minecraft:spider":1,"minecraft:creeper":1,"minecraft:sheep":8,"minecraft:skeleton":6,"minecraft:zombie":2,"minecraft:cow":11},"minecraft:crafted":{"minecraft:cooked_beef":21,"minecraft:oak_planks":44,"minecraft:crafting_table":1,"minecraft:wooden_pickaxe":1,"minecraft:iron_helmet":1,"minecraft:furnace":1,"minecraft:bucket":1,"minecraft:stone_axe":1,"minecraft:air":0,"minecraft:shield":2,"minecraft:stick":8,"minecraft:iron_ingot":14,"minecraft:iron_pickaxe":1,"minecraft:stone_pickaxe":1,"minecraft:stone_sword":1,"minecraft:white_bed":2},"minecraft:picked_up":{"minecraft:birch_log":1,"minecraft:crafting_table":4,"minecraft:leather":6,"minecraft:tuff":1,"minecraft:oak_log":11,"minecraft:string":2,"minecraft:dirt":8,"minecraft:bone":4,"minecraft:cobbled_deepslate":6,"minecraft:beef":21,"minecraft:rose_bush":1,"minecraft:oak_planks":5,"minecraft:furnace":2,"minecraft:stick":1,"minecraft:raw_iron":36,"minecraft:torch":12,"minecraft:porkchop":6,"minecraft:white_bed":1,"minecraft:arrow":4,"minecraft:rotten_flesh":5,"minecraft:diamond":3,"minecraft:tropical_fish":1,"minecraft:black_wool":1,"minecraft:glow_berries":1,"minecraft:mutton":12,"minecraft:coal":2,"minecraft:white_wool":7,"minecraft:cobblestone":41},"minecraft:used":{"minecraft:water_bucket":1,"minecraft:stone_sword":30,"minecraft:rose_bush":1,"minecraft:stone_pickaxe":54,"minecraft:shield":16,"minecraft:wooden_pickaxe":11,"minecraft:torch":12,"minecraft:crafting_table":4,"minecraft:white_bed":1,"minecraft:tuff":1,"minecraft:axolotl_bucket":2,"minecraft:black_wool":1,"minecraft:iron_pickaxe":16,"minecraft:iron_helmet":1,"minecraft:stone_axe":36,"minecraft:cobblestone":19,"minecraft:furnace":2,"minecraft:birch_log":1,"minecraft:bucket":4,"minecraft:cooked_beef":11,"minecraft:cobbled_deepslate":1},"minecraft:dropped":{"minecraft:cooked_beef":7,"minecraft:cobbled_deepslate":2,"minecraft:glow_berries":1,"minecraft:tropical_fish":1,"minecraft:white_bed":1,"minecraft:shield":1,"minecraft:arrow":2,"minecraft:wooden_pickaxe":1,"minecraft:stone_pickaxe":1}},"DataVersion":3955}