{"stats":{"minecraft:killed":{"cobblemon:pokemon":2,"minecraft:spider":1},"minecraft:dropped":{"cobblemon:poke_ball":16,"minecraft:mutton":1,"minecraft:chicken":1,"minecraft:feather":1,"minecraft:rotten_flesh":2,"minecraft:spider_eye":2,"cobblemon:red_apricorn":4},"minecraft:crafted":{"minecraft:crafting_table":1,"minecraft:spruce_planks":36,"minecraft:stick":12,"minecraft:iron_pickaxe":1,"minecraft:stone_sword":1,"minecraft:torch":16},"minecraft:used":{"minecraft:stone_sword":22,"minecraft:bread":16,"minecraft:spruce_planks":1,"minecraft:iron_pickaxe":96,"minecraft:iron_helmet":1,"minecraft:leather_chestplate":1,"minecraft:torch":3,"minecraft:spruce_sapling":1,"minecraft:white_carpet":10,"minecraft:crafting_table":1,"minecraft:red_bed":2},"minecraft:custom":{"minecraft:time_since_rest":5932,"minecraft:interact_with_furnace":1,"minecraft:sprint_one_cm":117751,"minecraft:damage_taken":422,"minecraft:walk_one_cm":64865,"minecraft:mob_kills":3,"minecraft:drop":9,"minecraft:damage_dealt":812,"minecraft:interact_with_crafting_table":3,"minecraft:fly_one_cm":313946,"minecraft:open_chest":8,"minecraft:crouch_one_cm":4266,"minecraft:play_time":45612,"minecraft:sneak_time":990,"minecraft:jump":1075,"minecraft:interact_with_grindstone":3,"minecraft:leave_game":1,"minecraft:time_since_death":45612,"minecraft:walk_on_water_one_cm":281,"minecraft:sleep_in_bed":3,"minecraft:total_world_time":45612,"minecraft:fall_one_cm":30358},"minecraft:picked_up":{"minecraft:crafting_table":1,"minecraft:raw_iron":7,"minecraft:feather":1,"minecraft:chicken":1,"minecraft:torch":3,"minecraft:porkchop":5,"minecraft:spruce_sapling":1,"minecraft:spruce_log":9,"minecraft:raw_copper":54,"minecraft:spider_eye":2,"minecraft:blue_bed":1,"minecraft:red_bed":2,"cobblemon:white_apricorn":1,"minecraft:white_carpet":10,"minecraft:rotten_flesh":2,"cobblemon:blue_apricorn":3,"minecraft:mutton":1,"minecraft:coal":44,"minecraft:white_wool":2,"minecraft:cobblestone":27},"minecraft:mined":{"minecraft:red_bed":2,"minecraft:iron_ore":7,"minecraft:white_carpet":10,"minecraft:spruce_log":10,"minecraft:torch":3,"minecraft:crafting_table":1,"minecraft:grass":5,"minecraft:coal_ore":44,"minecraft:copper_ore":16,"minecraft:spruce_leaves":4,"minecraft:stone":27,"minecraft:blue_bed":1}},"DataVersion":3465}