{
  "uuid": "be064322-7c9c-3165-9c14-40d29a7290b7",
  "starterPrompted": true,
  "starterLocked": false,
  "starterSelected": true,
  "starterUUID": "48a4e2db-63f2-4c43-9aa5-3a96b64e0a4a",
  "keyItems": [],
  "battleTheme": "cobblemon:battle.pvp.default",
  "extraData": {},
  "advancementData": {
    "totalCaptureCount": 1,
    "totalEggsHatched": 0,
    "totalEvolvedCount": 1,
    "totalBattleVictoryCount": 13,
    "totalPvPBattleVictoryCount": 0,
    "totalPvWBattleVictoryCount": 13,
    "totalPvNBattleVictoryCount": 0,
    "totalShinyCaptureCount": 0,
    "totalTradedCount": 0,
    "totalTypeCaptureCounts": {
      "electric": 1
    },
    "totalDefeatedCounts": {
      "cobblemon:zigzagoon": 1,
      "cobblemon:swinub": 1,
      "cobblemon:wooloo": 3,
      "cobblemon:lechonk": 2,
      "cobblemon:igglybuff": 1,
      "cobblemon:pidgey": 1,
      "cobblemon:voltorb": 1,
      "cobblemon:taillow": 1,
      "cobblemon:vulpix": 1
    },
    "aspectsCollected": {}
  }
}