{
  "minecraft:recipes/decorations/crafting_table": {
    "criteria": {
      "unlock_right_away": "2024-08-18 03:28:03 +0000"
    },
    "done": true
  },
  "cobblemon:root": {
    "criteria": {
      "picked_starter": "2024-08-18 03:30:13 +0000"
    },
    "done": true
  },
  "megamons:grant_megamons_guide": {
    "criteria": {
      "tick": "2024-08-18 03:30:13 +0000"
    },
    "done": true
  },
  "minecraft:adventure/adventuring_time": {
    "criteria": {
      "minecraft:snowy_plains": "2024-08-18 03:28:04 +0000"
    },
    "done": false
  },
  "DataVersion": 3465
}